City_ID,City,Country,Date,Lat,Lng,Max Temp,Humidity,Cloudiness,Wind Speed
0,Lewiston,US,2021-08-13 04:07:11,44.1003,-70.2148,78.39,97,1,0.0
1,Hithadhoo,MV,2021-08-13 04:07:12,-0.6,73.0833,80.51,76,98,8.9
2,Utena,LT,2021-08-13 04:07:12,55.5,25.6,53.24,97,11,6.98
3,Maltahohe,NA,2021-08-13 04:07:13,-24.8333,16.9833,38.7,70,3,13.56
4,Kruisfontein,ZA,2021-08-13 04:07:13,-34.0033,24.7314,48.31,80,92,4.52
5,Mahebourg,MU,2021-08-13 04:07:14,-20.4081,57.7,73.26,80,19,12.24
6,Longyearbyen,SJ,2021-08-13 04:07:14,78.2186,15.6401,42.64,93,90,4.61
7,Port Alfred,ZA,2021-08-13 04:07:15,-33.5906,26.891,53.98,64,74,10.92
8,Lebanon,US,2021-08-13 04:07:15,36.2081,-86.2911,80.96,82,1,6.91
9,Albany,US,2021-08-13 04:05:24,42.6001,-73.9662,74.32,95,91,3.36
10,Kapaa,US,2021-08-13 04:07:16,22.0752,-159.319,84.18,67,20,5.01
11,Craig,US,2021-08-13 04:07:16,40.5153,-107.5464,77.59,51,1,0.0
12,Wesselsbron,ZA,2021-08-13 04:07:16,-27.8549,26.3658,35.42,45,99,4.88
13,Ust-Nera,RU,2021-08-13 04:07:17,64.5667,143.2,72.88,49,79,6.2
14,Puerto Carreno,CO,2021-08-13 04:07:17,6.189,-67.4859,75.15,94,100,2.3
15,Sorland,NO,2021-08-13 04:07:18,67.667,12.6934,55.0,84,100,3.65
16,Jamestown,US,2021-08-13 04:07:18,42.097,-79.2353,71.71,88,20,3.0
17,Arraial Do Cabo,BR,2021-08-13 04:07:19,-22.9661,-42.0278,68.43,83,100,18.86
18,Itarema,BR,2021-08-13 04:07:19,-2.9248,-39.9167,78.19,82,6,14.61
19,Punta Arenas,CL,2021-08-13 04:07:17,-53.15,-70.9167,45.7,81,97,19.91
20,Upernavik,GL,2021-08-13 04:07:20,72.7868,-56.1549,42.87,87,100,9.33
21,Yellowknife,CA,2021-08-13 04:07:21,62.456,-114.3525,53.13,70,74,7.85
22,Ogbomosho,NG,2021-08-13 04:07:21,8.133,4.25,70.95,95,99,7.56
23,Cape Town,ZA,2021-08-13 04:07:02,-33.9258,18.4232,52.12,80,0,3.0
24,Airai,TL,2021-08-13 04:07:21,-8.9266,125.4092,74.34,49,55,6.31
25,Ushuaia,AR,2021-08-13 04:07:22,-54.8,-68.3,39.79,97,96,3.02
26,Port-Gentil,GA,2021-08-13 04:07:22,-0.7193,8.7815,76.75,77,60,7.65
27,Vaini,TO,2021-08-13 04:07:23,-21.2,-175.2,71.76,78,40,12.66
28,Ust-Omchug,RU,2021-08-13 04:07:23,61.15,149.6333,78.24,43,11,7.78
29,Mataura,NZ,2021-08-13 04:07:23,-46.1927,168.8643,52.48,68,12,3.31
30,Tupik,RU,2021-08-13 04:07:24,54.4253,119.9327,71.13,47,60,5.21
31,Cuenca,EC,2021-08-13 04:03:28,-2.8833,-78.9833,50.59,96,69,2.35
32,Kalabo,ZM,2021-08-13 04:07:24,-14.97,22.6814,53.02,39,0,5.93
33,Sola,VU,2021-08-13 04:07:25,-13.8833,167.55,78.04,78,31,23.42
34,Kodiak,US,2021-08-13 04:07:25,57.79,-152.4072,56.71,72,20,0.0
35,Puerto Ayora,EC,2021-08-13 04:07:26,-0.7393,-90.3518,69.55,86,11,5.99
36,Beloha,MG,2021-08-13 04:07:26,-25.1667,45.05,59.9,90,0,4.83
37,Port Elizabeth,ZA,2021-08-13 04:05:04,-33.918,25.5701,52.93,62,86,7.05
38,Port Moresby,PG,2021-08-13 04:03:01,-9.4431,147.1797,81.07,76,97,8.5
39,San Ramon,US,2021-08-13 04:07:27,37.7799,-121.978,72.54,65,1,5.01
40,Itoman,JP,2021-08-13 04:07:27,26.1247,127.6694,88.57,77,75,13.8
41,Kavieng,PG,2021-08-13 04:07:28,-2.5744,150.7967,81.63,79,100,10.31
42,Omboue,GA,2021-08-13 04:07:28,-1.5746,9.2618,72.99,88,79,3.91
43,Rikitea,PF,2021-08-13 04:07:28,-23.1203,-134.9692,74.28,83,14,13.73
44,Kalmar,SE,2021-08-13 04:07:29,56.6616,16.3616,59.97,91,20,6.91
45,Bethel,US,2021-08-13 04:07:29,41.3712,-73.414,80.19,82,1,0.0
46,Provideniya,RU,2021-08-13 04:07:29,64.3833,-173.3,41.11,75,75,13.42
47,Hobart,AU,2021-08-13 04:05:45,-42.8794,147.3294,58.86,47,75,27.63
48,Saint-Philippe,RE,2021-08-13 04:07:30,-21.3585,55.7679,71.22,78,23,7.18
49,Nokaneng,BW,2021-08-13 04:07:31,-19.6667,22.2667,55.62,30,0,5.44
50,Georgetown,MY,2021-08-13 04:05:05,5.4112,100.3354,85.93,79,20,9.22
51,Ostrovnoy,RU,2021-08-13 04:07:31,68.0531,39.5131,61.72,69,100,1.14
52,Codrington,AU,2021-08-13 04:02:37,-38.2667,141.9667,57.94,67,19,17.25
53,Tashla,RU,2021-08-13 04:07:32,51.7716,52.7427,71.11,27,0,11.97
54,Taoudenni,ML,2021-08-13 04:07:32,22.6783,-3.9836,97.07,8,0,10.38
55,Vrangel,RU,2021-08-13 04:07:32,42.7297,133.0839,67.35,72,100,15.5
56,Mangaluru,IN,2021-08-13 04:07:33,12.8667,74.8833,76.06,94,90,6.91
57,Antofagasta,CL,2021-08-13 04:04:02,-23.65,-70.4,56.62,76,36,7.18
58,Karpogory,RU,2021-08-13 04:07:33,64.0019,44.4451,60.48,97,100,6.96
59,Kaitangata,NZ,2021-08-13 04:07:34,-46.2817,169.8464,52.77,67,4,4.94
60,Gweru,ZW,2021-08-13 04:07:34,-19.45,29.8167,52.18,37,0,4.68
61,Hermanus,ZA,2021-08-13 04:07:35,-34.4187,19.2345,51.91,74,10,9.31
62,Husavik,IS,2021-08-13 04:07:35,66.0449,-17.3389,50.97,92,17,2.48
63,Fortuna,US,2021-08-13 04:07:35,40.5982,-124.1573,69.42,90,90,8.05
64,Honiara,SB,2021-08-13 04:04:54,-9.4333,159.95,77.83,90,99,9.19
65,Sherlovaya Gora,RU,2021-08-13 04:07:36,50.5667,116.25,59.72,72,99,11.39
66,Bluff,NZ,2021-08-13 04:07:37,-46.6,168.3333,52.81,75,13,18.75
67,Glendive,US,2021-08-13 04:04:22,47.1053,-104.7125,64.49,39,60,5.01
68,Bengkulu,ID,2021-08-13 04:07:37,-3.8004,102.2655,83.35,64,100,4.9
69,Hokitika,NZ,2021-08-13 04:07:37,-42.7167,170.9667,52.84,73,12,5.77
70,Broome,US,2021-08-13 04:07:38,42.2506,-75.833,75.04,92,91,3.0
71,Luderitz,NA,2021-08-13 04:07:38,-26.6481,15.1594,51.12,71,0,16.64
72,Alyangula,AU,2021-08-13 04:07:39,-13.8483,136.4192,81.57,60,0,11.68
73,Zhuanghe,CN,2021-08-13 04:07:39,39.7008,122.9911,79.83,60,27,8.84
74,Carnarvon,AU,2021-08-13 04:07:40,-24.8667,113.6333,70.05,24,0,6.46
75,Morondava,MG,2021-08-13 04:07:40,-20.2833,44.2833,66.92,59,0,5.19
76,Mazagao,BR,2021-08-13 04:07:41,-0.115,-51.2894,78.85,98,100,1.41
77,Tevaitoa,PF,2021-08-13 04:07:41,-16.7833,-151.5,78.67,72,11,13.65
78,Acajutla,SV,2021-08-13 04:07:42,13.5928,-89.8275,79.41,84,68,4.36
79,Coquimbo,CL,2021-08-13 04:07:42,-29.9533,-71.3436,51.53,76,90,1.14
80,Bocaiuva,BR,2021-08-13 04:07:43,-17.1078,-43.815,62.17,57,16,6.55
81,Flinders,AU,2021-08-13 04:07:43,-34.5833,150.8552,69.19,48,0,4.0
82,Chapais,CA,2021-08-13 04:06:35,49.7834,-74.8492,68.05,61,59,10.92
83,Ribeira Grande,PT,2021-08-13 04:07:44,38.5167,-28.7,73.42,86,60,26.57
84,Guerrero Negro,MX,2021-08-13 04:07:44,27.9769,-114.0611,78.69,76,6,13.09
85,Bara,NG,2021-08-13 04:07:45,10.3744,10.7288,69.93,98,100,4.45
86,Samarai,PG,2021-08-13 04:07:45,-10.6167,150.6667,79.03,85,99,13.87
87,Tuktoyaktuk,CA,2021-08-13 04:07:46,69.4541,-133.0374,41.02,94,100,17.09
88,Vostok,RU,2021-08-13 04:07:46,46.4856,135.8833,72.7,41,23,4.36
89,Ampanihy,MG,2021-08-13 04:07:47,-24.7,44.75,59.34,88,0,4.16
90,Pemba,MZ,2021-08-13 04:07:47,-12.974,40.5178,71.85,76,1,3.4
91,Bredasdorp,ZA,2021-08-13 04:07:48,-34.5322,20.0403,41.29,76,88,0.87
92,Tuatapere,NZ,2021-08-13 04:07:48,-46.1333,167.6833,52.83,70,33,3.83
93,Atuona,PF,2021-08-13 04:07:49,-9.8,-139.0333,77.94,70,44,15.48
94,Nieuw Amsterdam,SR,2021-08-13 04:07:49,5.8833,-55.0833,76.01,93,94,5.73
95,Kavaratti,IN,2021-08-13 04:07:49,10.5669,72.642,81.81,78,99,17.69
96,Fort Nelson,CA,2021-08-13 04:07:50,58.8053,-122.7002,65.35,71,100,4.16
97,Karratha,AU,2021-08-13 04:07:50,-20.7377,116.8463,79.88,20,0,9.84
98,Mareeba,AU,2021-08-13 04:07:50,-17.0,145.4333,78.44,61,58,8.41
99,Middlebury,US,2021-08-13 04:07:51,44.0153,-73.1673,76.44,89,40,0.0
100,Mount Isa,AU,2021-08-13 04:07:51,-20.7333,139.5,83.97,24,0,11.5
101,Castro,BR,2021-08-13 04:05:10,-24.7911,-50.0119,47.3,98,100,7.58
102,Hilo,US,2021-08-13 04:07:52,19.7297,-155.09,80.33,77,75,6.91
103,Sibolga,ID,2021-08-13 04:07:53,1.7427,98.7792,85.78,64,88,4.07
104,Guadalupe Victoria,MX,2021-08-13 04:07:53,32.2869,-115.105,98.94,39,31,13.56
105,Tabou,CI,2021-08-13 04:07:53,4.423,-7.3528,76.68,77,100,11.65
106,Saint-Pierre,RE,2021-08-13 04:07:54,-21.3393,55.4781,71.29,63,0,5.75
107,Mayo,US,2021-08-13 04:07:54,38.8876,-76.5119,86.56,87,1,8.66
108,Ubeda,ES,2021-08-13 04:07:54,38.0133,-3.3705,83.84,29,3,5.37
109,Ancud,CL,2021-08-13 04:07:55,-41.8697,-73.8203,45.93,90,0,3.47
110,Zhigansk,RU,2021-08-13 04:07:55,66.7697,123.3711,71.73,38,100,8.5
111,Port Hawkesbury,CA,2021-08-13 04:07:56,45.6169,-61.3485,71.69,97,90,6.91
112,Vakhsh,TJ,2021-08-13 04:07:56,37.7149,68.8346,84.42,26,0,2.24
113,Matao,BR,2021-08-13 04:07:57,-21.6033,-48.3658,56.59,87,5,7.96
114,Makakilo City,US,2021-08-13 04:07:57,21.3469,-158.0858,84.52,60,20,10.36
115,Hamilton,US,2021-08-13 04:04:21,39.1834,-84.5333,80.78,79,1,1.01
116,Tiksi,RU,2021-08-13 04:07:57,71.6872,128.8694,45.34,79,98,16.31
117,Kaili,ID,2021-08-13 04:07:58,-3.4626,120.2147,78.94,68,71,4.41
118,Port Hardy,CA,2021-08-13 04:07:58,50.6996,-127.4199,64.06,76,43,4.32
119,Hambantota,LK,2021-08-13 04:07:59,6.1241,81.1185,84.54,74,40,9.22
120,Qaanaaq,GL,2021-08-13 04:07:59,77.484,-69.3632,34.88,72,14,3.69
121,Vardo,NO,2021-08-13 04:08:00,70.3705,31.1107,53.8,91,100,5.14
122,New Norfolk,AU,2021-08-13 04:08:00,-42.7826,147.0587,58.5,88,95,8.34
123,Limbang,MY,2021-08-13 04:08:01,4.75,115.0,84.31,69,99,3.47
124,Monroe,US,2021-08-13 04:08:02,43.1501,-77.6831,76.51,88,75,3.44
125,Leo,BF,2021-08-13 04:06:18,11.1,-2.1,70.97,96,100,6.69
126,Santa Maria,BR,2021-08-13 04:04:41,-29.6842,-53.8069,46.65,87,100,8.97
127,Mount Gambier,AU,2021-08-13 04:08:02,-37.8333,140.7667,57.27,64,10,11.7
128,Pandaria,IN,2021-08-13 04:08:03,22.2333,81.4167,86.9,60,100,9.71
129,Guacimo,CR,2021-08-13 04:08:04,10.2104,-83.6807,82.0,97,85,2.46
130,Toamasina,MG,2021-08-13 04:08:04,-18.1667,49.3833,68.47,84,23,4.45
131,Namibe,AO,2021-08-13 04:08:05,-15.1961,12.1522,60.64,88,0,5.1
132,Rocha,UY,2021-08-13 04:08:05,-34.4833,-54.3333,38.59,93,0,3.53
133,Pevek,RU,2021-08-13 04:08:06,69.7008,170.3133,39.61,100,100,8.16
134,Ilabaya,PE,2021-08-13 04:08:06,-17.4208,-70.5133,61.86,42,2,1.48
135,Marquette,US,2021-08-13 04:08:07,46.5333,-87.6335,62.82,65,0,7.7
136,Geraldton,AU,2021-08-13 04:08:07,-28.7667,114.6,64.81,52,0,17.27
137,Victoria,HK,2021-08-13 04:08:07,22.2855,114.1577,86.97,86,96,10.42
138,Iznik,TR,2021-08-13 04:05:08,40.4286,29.7211,71.55,85,0,2.73
139,Norman Wells,CA,2021-08-13 04:08:08,65.282,-126.8329,59.92,69,100,4.97
140,Marsh Harbour,BS,2021-08-13 04:08:08,26.5412,-77.0636,83.14,77,58,11.61
141,Maldonado,UY,2021-08-13 04:08:09,-34.6667,-54.9167,42.22,92,0,4.09
142,Faanui,PF,2021-08-13 04:08:10,-16.4833,-151.75,79.2,68,9,13.76
143,Dikson,RU,2021-08-13 04:08:10,73.5069,80.5464,44.42,99,99,10.49
144,Busselton,AU,2021-08-13 04:08:10,-33.65,115.3333,61.09,69,89,8.14
145,Vao,NC,2021-08-13 04:08:11,-22.6667,167.4833,67.6,66,94,17.29
146,Nizwa,OM,2021-08-13 04:08:11,22.9333,57.5333,93.81,31,92,3.36
147,Palasa,IN,2021-08-13 04:08:12,18.7667,84.4167,89.19,64,100,3.02
148,Ilulissat,GL,2021-08-13 04:08:12,69.2167,-51.1,48.22,57,40,5.75
149,Yerbogachen,RU,2021-08-13 04:08:13,61.2767,108.0108,80.55,38,75,4.23
150,Sobolevo,RU,2021-08-13 04:08:13,54.4299,31.8996,56.1,93,97,8.28
151,Lompoc,US,2021-08-13 04:08:14,34.6391,-120.4579,69.1,87,90,5.75
152,Isangel,VU,2021-08-13 04:08:14,-19.55,169.2667,73.31,65,50,16.89
153,Northam,GB,2021-08-13 04:08:14,51.0333,-4.2167,61.66,93,100,11.92
154,Barrow,US,2021-08-13 04:05:02,71.2906,-156.7887,35.62,80,90,9.22
155,Valparaiso,CL,2021-08-13 04:03:49,-33.0393,-71.6273,46.08,84,1,4.72
156,Port Macquarie,AU,2021-08-13 04:07:15,-31.4333,152.9167,66.16,61,42,7.27
157,Kikwit,CD,2021-08-13 04:08:15,-5.041,18.8162,74.43,66,17,2.3
158,Nosy Varika,MG,2021-08-13 04:08:16,-20.5833,48.5333,66.24,86,7,6.29
159,Formosa,AR,2021-08-13 04:03:44,-26.1775,-58.1781,45.36,64,2,5.44
160,Yumen,CN,2021-08-13 04:08:16,40.2833,97.2,87.39,15,0,14.65
161,Pitimbu,BR,2021-08-13 04:08:17,-7.4706,-34.8086,72.19,85,3,9.73
162,Taltal,CL,2021-08-13 04:08:17,-25.4,-70.4833,55.9,75,0,3.96
163,Nanortalik,GL,2021-08-13 04:08:18,60.1432,-45.2371,44.4,82,67,6.4
164,Saa,CM,2021-08-13 04:08:18,4.3667,11.45,68.83,91,100,3.31
165,Qandala,SO,2021-08-13 04:08:19,11.472,49.8728,90.36,48,98,3.83
166,Cidreira,BR,2021-08-13 04:08:19,-30.1811,-50.2056,56.12,82,99,7.78
167,Mar Del Plata,AR,2021-08-13 04:08:41,-38.0023,-57.5575,30.22,100,0,3.44
168,Goure,NE,2021-08-13 04:08:41,13.9835,10.2704,74.01,83,89,6.46
169,East London,ZA,2021-08-13 04:08:42,-33.0153,27.9116,55.36,65,93,9.98
170,Djibo,BF,2021-08-13 04:08:42,14.1022,-1.6306,77.56,76,100,7.99
171,San Luis,AR,2021-08-13 04:08:42,-33.295,-66.3356,46.22,43,0,8.63
172,Nome,US,2021-08-13 04:08:43,64.5011,-165.4064,51.87,54,1,5.75
173,Kamennogorsk,RU,2021-08-13 04:08:43,60.9545,29.1339,61.52,90,100,7.54
174,Homer,US,2021-08-13 04:08:41,59.6425,-151.5483,64.08,75,1,10.36
175,San Policarpo,PH,2021-08-13 04:08:44,12.1791,125.5072,85.8,62,99,3.2
176,Faya,SA,2021-08-13 04:08:45,18.3851,42.4509,66.72,38,57,1.66
177,Pavilosta,LV,2021-08-13 04:08:45,56.8879,21.1859,57.15,82,9,8.79
178,Sept-Iles,CA,2021-08-13 04:08:45,50.2001,-66.3821,65.05,97,99,4.0
179,Chuy,UY,2021-08-13 04:08:46,-33.6971,-53.4616,43.27,87,1,4.88
180,La Primavera,CO,2021-08-13 04:08:46,5.4906,-70.4092,74.73,90,88,1.81
181,Inhambane,MZ,2021-08-13 04:08:47,-23.865,35.3833,60.78,100,25,0.0
182,Nikolskoye,RU,2021-08-13 04:08:47,59.7035,30.7861,62.02,94,100,8.81
183,Harper,LR,2021-08-13 04:08:47,4.375,-7.7169,76.68,76,100,12.35
184,Cape Coast,GH,2021-08-13 04:08:47,5.1053,-1.2466,74.86,88,86,8.19
185,Arlit,NE,2021-08-13 04:08:48,18.7369,7.3853,82.02,58,36,7.25
186,Lebu,CL,2021-08-13 04:08:48,-37.6167,-73.65,45.93,83,0,3.58
187,Dunedin,NZ,2021-08-13 04:08:48,-45.8742,170.5036,52.84,64,4,2.33
188,Aklavik,CA,2021-08-13 04:08:49,68.2191,-135.0107,50.72,87,100,15.9
189,Tapes,BR,2021-08-13 04:05:21,-30.6733,-51.3958,51.37,85,99,5.75
190,Talnakh,RU,2021-08-13 04:08:49,69.4865,88.3972,55.29,57,56,7.2
191,Anloga,GH,2021-08-13 04:08:50,5.7947,0.8973,76.01,87,99,9.82
192,Jiuquan,CN,2021-08-13 04:08:50,39.7432,98.5174,86.38,18,0,10.69
193,Lusambo,CD,2021-08-13 04:08:50,-4.9667,23.45,68.32,93,28,0.89
194,Namatanai,PG,2021-08-13 04:08:51,-3.6667,152.4333,83.89,70,100,9.53
195,Chemax,MX,2021-08-13 04:08:51,20.65,-87.9333,73.85,98,88,2.86
196,Lienz,AT,2021-08-13 04:08:52,46.8289,12.769,66.7,87,82,3.85
197,Khatanga,RU,2021-08-13 04:08:52,71.9667,102.5,54.16,63,100,10.27
198,Saint-Leu,RE,2021-08-13 04:08:53,-21.15,55.2833,70.68,75,3,2.19
199,Bambous Virieux,MU,2021-08-13 04:08:53,-20.3428,57.7575,73.22,80,24,11.72
200,Hirara,JP,2021-08-13 04:08:53,24.8,125.2833,82.2,83,80,21.97
201,Mahanoro,MG,2021-08-13 04:08:54,-19.9,48.8,66.72,87,5,5.97
202,Avarua,CK,2021-08-13 04:08:54,-21.2078,-159.775,64.45,94,90,16.11
203,Xuddur,SO,2021-08-13 04:08:54,4.1213,43.8894,70.47,75,8,14.38
204,El Reten,CO,2021-08-13 04:08:55,10.6114,-74.2682,84.83,80,80,1.36
205,Mitsamiouli,KM,2021-08-13 04:08:55,-11.3847,43.2844,75.96,74,1,8.21
206,Whitecourt,CA,2021-08-13 04:08:56,54.1502,-115.6855,59.34,68,32,1.14
207,Butaritari,KI,2021-08-13 04:08:56,3.0707,172.7902,81.99,76,36,7.74
208,Verkhnevilyuysk,RU,2021-08-13 04:08:57,63.4453,120.3167,79.18,41,56,3.98
209,Hervey Bay,AU,2021-08-13 04:08:57,-25.2986,152.8535,69.76,59,0,4.97
210,Baghdad,IQ,2021-08-13 04:07:03,33.3406,44.4009,98.01,16,0,6.42
211,Flin Flon,CA,2021-08-13 04:06:04,54.7682,-101.865,47.77,63,77,2.75
212,Altagracia De Orituco,VE,2021-08-13 04:08:58,9.8601,-66.3814,70.56,97,84,3.71
213,Paragominas,BR,2021-08-13 04:08:58,-2.9667,-47.4833,71.89,99,100,3.06
214,San Andres,CO,2021-08-13 04:08:58,12.5847,-81.7006,82.42,83,75,5.75
215,Porohy,UA,2021-08-13 04:08:59,48.6876,24.2632,53.91,82,0,3.38
216,Caravelas,BR,2021-08-13 04:08:59,-17.7125,-39.2481,68.77,90,11,4.07
217,Odessa,UA,2021-08-13 04:09:00,46.4775,30.7326,64.33,72,0,8.95
218,Hofn,IS,2021-08-13 04:09:00,64.2539,-15.2082,53.13,88,100,11.12
219,Varhaug,NO,2021-08-13 04:09:01,58.6147,5.6457,58.86,85,75,7.11
220,Mehamn,NO,2021-08-13 04:09:02,71.0357,27.8492,51.98,87,75,8.05
221,Krasnoarmeysk,RU,2021-08-13 04:09:02,51.0239,45.6969,77.16,43,37,11.3
222,Pimentel,PE,2021-08-13 04:09:03,-6.8367,-79.9342,64.0,84,59,4.0
223,Pangnirtung,CA,2021-08-13 04:09:03,66.1451,-65.7125,54.25,88,100,9.17
224,Cherskiy,RU,2021-08-13 04:09:03,68.75,161.3,60.8,73,100,6.85
225,Council Bluffs,US,2021-08-13 04:07:00,41.2619,-95.8608,77.22,64,75,5.75
226,Komsomolskiy,UZ,2021-08-13 04:09:04,40.4272,71.7189,81.75,29,59,6.91
227,Banja Luka,BA,2021-08-13 04:07:18,44.7758,17.1856,60.17,63,1,3.85
228,Tarbagatay,RU,2021-08-13 04:09:05,51.4803,107.3602,72.93,50,11,6.38
229,Anadyr,RU,2021-08-13 04:09:05,64.75,177.4833,50.5,76,0,13.42
230,Vanavara,RU,2021-08-13 04:09:05,60.34,102.2797,70.68,50,100,3.0
231,Touros,BR,2021-08-13 04:09:06,-5.1989,-35.4608,70.7,82,1,11.59
232,Bodaybo,RU,2021-08-13 04:09:06,57.8506,114.1933,80.08,54,55,2.46
233,Manzhouli,CN,2021-08-13 04:09:07,49.6,117.4333,57.65,94,99,7.61
234,Agadez,NE,2021-08-13 04:09:07,19.75,10.25,80.8,56,0,7.67
235,Borogontsy,RU,2021-08-13 04:09:08,62.6683,131.1683,79.99,31,7,6.89
236,Urumqi,CN,2021-08-13 04:09:09,43.801,87.6005,74.35,44,0,6.71
237,Pervomayskiy,RU,2021-08-13 04:09:09,53.2485,40.2871,66.97,81,100,4.85
238,Riyadh,SA,2021-08-13 04:04:43,24.6877,46.7219,89.74,11,22,5.1
239,Bandarbeyla,SO,2021-08-13 04:09:10,9.4942,50.8122,76.98,77,83,22.35
240,Severo-Kurilsk,RU,2021-08-13 04:09:10,50.6789,156.125,57.69,69,1,6.46
241,Chokurdakh,RU,2021-08-13 04:09:10,70.6333,147.9167,62.96,56,92,14.88
242,Binga,ZW,2021-08-13 04:09:11,-17.6203,27.3414,58.93,58,0,0.89
243,Kamiiso,JP,2021-08-13 04:09:11,41.8167,140.65,64.87,81,100,13.53
244,Kahului,US,2021-08-13 04:09:11,20.8947,-156.47,80.62,76,20,18.41
245,Lata,PT,2021-08-13 04:09:12,40.1629,-8.3327,61.36,88,6,2.35
246,Port Lincoln,AU,2021-08-13 04:09:12,-34.7333,135.8667,60.51,64,20,12.46
247,Saint George,US,2021-08-13 04:07:02,37.1041,-113.5841,90.63,30,1,1.99
248,Pisco,PE,2021-08-13 04:05:17,-13.7,-76.2167,59.05,88,0,5.75
249,Padang,ID,2021-08-13 04:09:12,-0.9492,100.3543,84.25,66,33,3.67
250,Mabaruma,GY,2021-08-13 04:09:13,8.2,-59.7833,72.97,100,97,2.46
251,Casablanca,MA,2021-08-13 04:09:13,33.5928,-7.6192,72.75,86,11,5.08
252,Ahipara,NZ,2021-08-13 04:09:14,-35.1667,173.1667,57.06,86,88,13.02
253,Turukhansk,RU,2021-08-13 04:09:14,65.8167,87.9833,60.12,47,0,9.55
254,Xiongyue,CN,2021-08-13 04:09:14,40.1774,122.1228,77.25,62,0,13.09
255,Udachnyy,RU,2021-08-13 04:09:15,66.4167,112.4,63.32,68,100,8.97
256,Emerald,AU,2021-08-13 04:09:15,-23.5333,148.1667,79.25,31,0,10.56
257,Sioux Lookout,CA,2021-08-13 04:09:16,50.1001,-91.917,51.8,80,100,9.46
258,Marzuq,YE,2021-08-13 04:09:16,14.4,46.4667,79.99,41,16,5.1
259,Hovd,MN,2021-08-13 04:09:17,48.0056,91.6419,73.83,29,96,4.68
260,Santa Isabel Do Rio Negro,BR,2021-08-13 04:09:17,-0.4139,-65.0192,73.87,97,100,3.04
261,Rutul,RU,2021-08-13 04:09:18,41.5357,47.4239,72.16,43,12,2.44
262,Soderhamn,SE,2021-08-13 04:09:19,61.3037,17.0592,57.49,81,44,5.35
263,Thompson,CA,2021-08-13 04:09:19,55.7435,-97.8558,46.17,66,100,9.91
264,Acari,PE,2021-08-13 04:09:20,-15.4311,-74.6158,64.29,74,37,4.45
265,Virginia Beach,US,2021-08-13 04:05:33,36.8529,-75.978,85.1,78,1,9.22
266,Cap Malheureux,MU,2021-08-13 04:09:20,-19.9842,57.6142,73.47,80,9,7.0
267,Narsaq,GL,2021-08-13 04:09:21,60.9167,-46.05,48.42,77,76,1.86
268,Kaeo,NZ,2021-08-13 04:09:21,-35.1,173.7833,59.32,91,99,9.01
269,Mutsu,JP,2021-08-13 04:09:22,41.2894,141.2169,63.81,84,100,12.86
270,Hasaki,JP,2021-08-13 04:09:22,35.7333,140.8333,72.0,93,100,7.0
271,Vestmanna,FO,2021-08-13 04:09:23,62.1564,-7.1664,50.92,100,75,9.22
272,Sulangan,PH,2021-08-13 04:09:23,11.1373,123.7228,83.91,69,11,2.86
273,Champerico,GT,2021-08-13 04:09:24,14.3,-91.9167,82.35,75,69,2.15
274,Chivay,PE,2021-08-13 04:09:24,-15.6383,-71.6011,43.02,48,17,3.96
275,Batemans Bay,AU,2021-08-13 04:09:25,-35.7167,150.1833,68.2,47,0,6.55
276,Bayanday,RU,2021-08-13 04:09:25,53.0661,105.5139,77.54,46,27,3.85
277,Aurora,US,2021-08-13 04:06:23,39.7294,-104.8319,78.67,47,75,4.0
278,Ust-Tsilma,RU,2021-08-13 04:09:25,65.441,52.1498,60.8,97,100,5.53
279,Wladyslawowo,PL,2021-08-13 04:09:26,54.7909,18.4009,58.93,76,21,5.91
280,Ponta Do Sol,PT,2021-08-13 04:09:26,32.6667,-17.1,72.23,81,7,3.18
281,Grand-Santi,GF,2021-08-13 04:09:27,4.25,-54.3833,73.04,97,99,1.63
282,Khash,IR,2021-08-13 04:09:27,28.2211,61.2158,85.84,8,71,6.11
283,Torbay,CA,2021-08-13 04:05:28,47.6666,-52.7314,59.58,86,100,1.99
284,San Quintin,MX,2021-08-13 04:09:28,30.4833,-115.95,73.2,76,0,5.55
285,Srednekolymsk,RU,2021-08-13 04:09:29,67.45,153.6833,71.53,55,98,7.25
286,Amazar,RU,2021-08-13 04:09:30,53.858,120.875,74.32,43,80,3.74
287,Watsa,CD,2021-08-13 04:09:30,3.0372,29.5355,61.32,99,22,2.21
288,Sitka,US,2021-08-13 04:09:30,57.0531,-135.33,64.29,82,90,8.05
289,Vila Velha,BR,2021-08-13 04:09:31,-20.3297,-40.2925,67.95,100,40,3.44
290,Saskylakh,RU,2021-08-13 04:09:31,71.9167,114.0833,47.44,71,100,9.6
291,Sydney Mines,CA,2021-08-13 04:09:32,46.2367,-60.2177,70.68,96,89,5.01
292,Bereda,ES,2021-08-13 04:09:32,43.2686,-7.5406,58.75,100,83,3.56
293,Ponta Delgada,PT,2021-08-13 04:04:50,37.7333,-25.6667,74.12,83,20,11.5
294,Manavalakurichi,IN,2021-08-13 04:09:33,8.1333,77.3,80.69,73,100,17.09
295,Fare,PF,2021-08-13 04:09:33,-16.7,-151.0167,78.51,74,12,15.01
296,Leh,IN,2021-08-13 04:09:33,34.1667,77.5833,64.06,40,10,4.7
297,Tasiilaq,GL,2021-08-13 04:09:34,65.6145,-37.6368,44.76,71,100,4.45
298,Zyryanka,RU,2021-08-13 04:09:34,65.75,150.85,77.25,39,59,5.66
299,Chitral,PK,2021-08-13 04:09:35,35.8462,71.7858,79.61,44,1,2.57
300,Davenda,RU,2021-08-13 04:09:35,53.5556,119.317,72.14,41,78,4.7
301,Port Blair,IN,2021-08-13 04:06:16,11.6667,92.75,83.71,75,100,12.53
302,Chicama,PE,2021-08-13 04:09:35,-7.8447,-79.1469,62.8,84,18,5.66
303,Wad Madani,SD,2021-08-13 04:09:36,14.4012,33.5199,74.43,80,100,12.86
304,Sibu,MY,2021-08-13 04:09:36,2.3,111.8167,81.86,83,100,2.13
305,Laguna,US,2021-08-13 04:09:36,38.421,-121.4238,88.21,49,20,1.01
306,Molokovo,RU,2021-08-13 04:09:37,58.1661,36.7628,57.87,95,100,10.89
307,Manali,IN,2021-08-13 04:09:37,13.1667,80.2667,87.89,69,100,4.12
308,La Macarena,CO,2021-08-13 04:09:38,2.1837,-73.7849,70.07,98,96,2.59
309,Bonavista,CA,2021-08-13 04:09:38,48.6499,-53.1147,61.12,84,100,13.73
310,Groningen,NL,2021-08-13 04:09:38,53.25,6.75,61.02,73,52,2.3
311,San Cristobal,VE,2021-08-13 04:09:39,7.7669,-72.225,65.12,97,89,2.26
312,Akhmeta,GE,2021-08-13 04:09:39,42.0311,45.2075,73.92,37,13,4.59
313,Roald,NO,2021-08-13 04:09:39,62.5833,6.1333,60.91,94,20,5.75
314,Algiers,DZ,2021-08-13 04:04:59,36.7525,3.042,78.62,74,20,2.3
315,Porto Novo,BJ,2021-08-13 04:09:40,6.4965,2.6036,74.28,91,100,5.21
316,Novo Cruzeiro,BR,2021-08-13 04:09:40,-17.4681,-41.8753,55.81,97,24,2.17
317,Sagua La Grande,CU,2021-08-13 04:09:40,22.8067,-80.0756,79.79,83,23,7.52
318,Dengzhou,CN,2021-08-13 04:09:41,37.8086,120.7508,77.0,67,99,12.26
319,Andenes,NO,2021-08-13 04:09:41,69.3143,16.1194,53.58,94,75,11.5
320,Ntoum,GA,2021-08-13 04:09:42,0.3833,9.7833,73.17,83,95,2.93
321,Vila Franca Do Campo,PT,2021-08-13 04:09:42,37.7167,-25.4333,73.81,76,70,12.08
322,Gamba,GA,2021-08-13 04:09:42,-2.65,10.0,71.67,91,53,4.03
323,Dongying,CN,2021-08-13 04:09:43,37.4564,118.4856,82.53,54,100,9.8
324,Palora,EC,2021-08-13 04:09:43,-1.7,-77.9333,62.51,96,66,3.51
325,Nuuk,GL,2021-08-13 04:09:44,64.1835,-51.7216,52.41,66,90,11.5
326,Lichinga,MZ,2021-08-13 04:09:44,-13.3128,35.2406,52.75,68,0,4.83
327,Nevers,FR,2021-08-13 04:09:44,46.9167,3.3333,64.99,96,76,1.48
328,Kampene,CD,2021-08-13 04:09:45,-3.6,26.6667,66.6,90,16,1.28
329,Rongcheng,CN,2021-08-13 04:09:45,30.634,117.8517,74.59,97,100,3.2
330,Kyra,RU,2021-08-13 04:09:46,49.5776,111.9753,65.08,72,94,6.85
331,Conceicao Do Araguaia,BR,2021-08-13 04:09:46,-8.2578,-49.2647,79.52,34,82,3.51
332,Tecpan,GT,2021-08-13 04:09:46,14.7623,-90.9947,55.36,98,95,4.36
333,Tiznit,MA,2021-08-13 04:09:47,29.5833,-9.5,73.69,59,0,0.81
334,Meylan,FR,2021-08-13 04:09:47,45.2199,5.7901,72.95,77,93,4.45
335,Buraydah,SA,2021-08-13 04:09:48,26.326,43.975,90.95,13,24,7.36
336,Fereydunshahr,IR,2021-08-13 04:09:48,32.941,50.121,71.24,18,79,1.83
337,Pathein,MM,2021-08-13 04:09:48,16.7833,94.7333,87.84,67,100,6.73
338,Ambilobe,MG,2021-08-13 04:09:49,-13.2,49.05,69.15,71,1,2.77
339,Bakchar,RU,2021-08-13 04:09:49,57.0186,82.0711,57.34,58,9,8.9
340,Sabha,LY,2021-08-13 04:09:49,27.0377,14.4283,84.25,24,0,10.42
341,Kungurtug,RU,2021-08-13 04:09:50,50.5994,97.5228,69.89,48,0,1.77
342,Lyubinskiy,RU,2021-08-13 04:09:50,55.1542,72.6925,56.88,53,73,12.91
343,Klaksvik,FO,2021-08-13 04:09:51,62.2266,-6.589,52.72,95,98,13.98
344,Tolaga Bay,NZ,2021-08-13 04:09:51,-38.3667,178.3,55.9,76,100,9.46
345,Gwadar,PK,2021-08-13 04:09:52,25.1216,62.3254,79.99,80,83,6.35
346,Kharabali,RU,2021-08-13 04:09:52,47.4196,47.2568,83.44,42,79,18.75
347,Henties Bay,NA,2021-08-13 04:09:53,-22.116,14.2845,49.86,91,15,5.32
348,Kondinskoye,RU,2021-08-13 04:09:53,59.6481,67.41,65.59,57,95,5.01
349,Dryden,CA,2021-08-13 04:09:54,49.7833,-92.7503,52.14,73,100,9.91
350,Sao Joao Da Barra,BR,2021-08-13 04:09:54,-21.6403,-41.0511,69.4,86,62,9.78
351,Tvoroyri,FO,2021-08-13 04:09:55,61.5556,-6.8111,52.99,92,65,14.63
352,Thunder Bay,CA,2021-08-13 04:09:55,48.4001,-89.3168,61.99,68,73,10.38
353,Sao Filipe,CV,2021-08-13 04:09:55,14.8961,-24.4956,75.74,77,36,12.5
354,Beian,NO,2021-08-13 04:09:56,63.6559,9.5683,61.02,94,75,3.44
355,Seymchan,RU,2021-08-13 04:09:56,62.8833,152.4333,78.93,38,70,3.67
356,Wagar,SD,2021-08-13 04:09:57,16.1525,36.2032,77.11,74,12,15.05
357,Helena,US,2021-08-13 04:09:57,46.5927,-112.0361,74.39,41,1,5.01
358,Ola,RU,2021-08-13 04:09:57,59.5833,151.2833,56.32,85,62,9.53
359,The Pas,CA,2021-08-13 04:09:58,53.8251,-101.2541,51.06,55,75,1.16
360,Kawalu,ID,2021-08-13 04:09:58,-7.3817,108.2082,78.3,79,97,3.29
361,Balkanabat,TM,2021-08-13 04:09:59,39.5108,54.3671,97.61,16,3,10.71
362,Pinega,RU,2021-08-13 04:09:59,64.7001,43.3936,61.88,98,100,5.91
363,Maceio,BR,2021-08-13 04:09:33,-9.6658,-35.7353,71.04,94,20,4.61
364,Nueva Concepcion,GT,2021-08-13 04:09:59,14.2,-91.3,81.75,91,78,3.69
365,Xichang,CN,2021-08-13 04:10:00,27.8964,102.2634,72.99,88,99,4.29
366,Cayenne,GF,2021-08-13 04:10:00,4.9333,-52.3333,78.1,88,0,0.0
367,Aguadilla,PR,2021-08-13 04:10:00,18.4275,-67.1541,80.44,89,97,3.0
368,Champasak,LA,2021-08-13 04:10:03,14.75,106.0,83.55,79,99,2.04
369,Fos-Sur-Mer,FR,2021-08-13 04:10:03,43.4377,4.9446,71.71,73,0,3.44
370,Adre,TD,2021-08-13 04:10:04,13.4667,22.2,71.55,84,35,2.39
371,Baykit,RU,2021-08-13 04:10:04,61.67,96.37,69.37,62,95,5.26
372,Huarmey,PE,2021-08-13 04:10:04,-10.0681,-78.1522,62.47,84,54,10.4
373,Caxito,AO,2021-08-13 04:10:05,-8.5785,13.6643,72.25,83,98,1.21
374,Mucurapo,TT,2021-08-13 04:10:06,10.6667,-61.5333,77.25,87,100,9.13
375,Te Anau,NZ,2021-08-13 04:10:06,-45.4167,167.7167,49.28,78,56,4.54
376,Damavand,IR,2021-08-13 04:10:07,35.7178,52.065,80.44,23,28,3.94
377,Mayskiy,RU,2021-08-13 04:10:07,47.6931,40.1025,67.41,72,99,9.15
378,Rafai,CF,2021-08-13 04:10:08,4.95,23.9167,68.25,98,100,2.57
379,Kenora,CA,2021-08-13 04:10:08,49.8167,-94.4337,48.04,83,78,5.03
380,Saint Pete Beach,US,2021-08-13 04:10:08,27.7253,-82.7412,79.16,90,100,1.99
381,Puerto Leguizamo,CO,2021-08-13 04:10:09,-0.1934,-74.7819,72.54,94,100,0.58
382,Dimapur,IN,2021-08-13 04:10:09,25.9,93.7333,84.4,75,100,5.14
383,San Felipe,VE,2021-08-13 04:10:10,10.3399,-68.7425,73.42,96,94,2.77
384,Ayr,GB,2021-08-13 04:10:10,55.4627,-4.6339,57.51,82,20,12.66
385,Bilma,NE,2021-08-13 04:10:11,18.6853,12.9164,85.8,54,8,8.57
386,Ramganj,BD,2021-08-13 04:10:11,23.1,90.85,81.99,87,100,12.95
387,Makaryev,RU,2021-08-13 04:10:12,57.8797,43.8069,64.42,91,93,5.53
388,Kyabe,TD,2021-08-13 04:10:12,9.4515,18.9449,69.93,98,93,3.6
389,Bairiki,KI,2021-08-13 04:10:12,1.3292,172.9752,86.0,70,20,6.91
390,Mutoko,ZW,2021-08-13 04:10:13,-17.397,32.2268,47.97,70,0,3.89
391,Port Hedland,AU,2021-08-13 04:10:13,-20.3167,118.5667,84.25,13,0,10.36
392,Provost,CA,2021-08-13 04:10:13,52.3501,-110.2683,61.0,45,88,2.64
393,Nushki,PK,2021-08-13 04:10:14,29.5542,66.0215,91.24,8,15,5.06
394,Katsuura,JP,2021-08-13 04:10:14,35.1333,140.3,71.71,82,100,12.3
395,Banda Aceh,ID,2021-08-13 04:10:15,5.5577,95.3222,83.14,72,85,11.79
396,Lorengau,PG,2021-08-13 04:10:15,-2.0226,147.2712,81.88,81,99,7.65
397,Lagoa,PT,2021-08-13 04:10:15,39.05,-27.9833,72.95,82,28,18.97
398,Fagersta,SE,2021-08-13 04:10:16,60.0042,15.7932,59.59,89,85,3.69
399,Aguimes,ES,2021-08-13 04:10:16,27.9054,-15.4461,70.43,64,40,18.41
400,Kloulklubed,PW,2021-08-13 04:10:16,7.0419,134.2556,88.3,69,6,8.88
401,Portland,US,2021-08-13 04:08:48,45.5234,-122.6762,93.67,46,75,1.01
402,Charters Towers,AU,2021-08-13 04:10:17,-20.1,146.2667,80.65,33,11,8.79
403,Pueblo,US,2021-08-13 04:10:17,38.2545,-104.6091,79.56,47,75,8.05
404,Salalah,OM,2021-08-13 04:10:17,17.0151,54.0924,78.89,78,90,4.61
405,Brae,GB,2021-08-13 04:10:18,60.3964,-1.353,55.31,90,74,6.46
406,Puerto Ayacucho,VE,2021-08-13 04:10:18,5.6639,-67.6236,75.36,91,100,1.83
407,Aksarka,RU,2021-08-13 04:10:19,66.5606,67.7975,59.85,85,100,10.76
408,Talakan,RU,2021-08-13 04:10:19,50.3167,130.3667,78.57,47,0,3.38
409,Khailar,IN,2021-08-13 04:10:20,25.35,78.5333,84.99,68,100,12.35
410,Zhoukou,CN,2021-08-13 04:10:20,33.6333,114.6333,71.02,94,100,4.0
411,Qaqortoq,GL,2021-08-13 04:10:20,60.7167,-46.0333,48.7,85,60,5.57
412,Barranco,PA,2021-08-13 04:10:21,9.5167,-82.7,75.94,93,92,2.77
413,Teguldet,RU,2021-08-13 04:10:21,57.3064,88.1667,52.83,97,100,4.34
414,Payo,ID,2021-08-13 04:10:22,-3.7508,103.6372,90.5,41,99,4.56
415,Voh,NC,2021-08-13 04:10:22,-20.9667,164.7,74.98,50,50,11.59
416,Zhob,PK,2021-08-13 04:10:23,31.3411,69.4481,87.98,17,0,2.68
417,Ketchikan,US,2021-08-13 04:10:23,55.3422,-131.6461,65.34,83,19,5.46
418,Beringovskiy,RU,2021-08-13 04:10:23,63.05,179.3167,51.3,73,72,13.73
419,Gizo,SB,2021-08-13 04:10:24,-8.103,156.8419,82.54,73,85,9.75
420,Mana,GF,2021-08-13 04:06:14,5.6592,-53.7767,76.93,90,99,7.02
421,Alberton,CA,2021-08-13 04:10:24,46.8168,-64.0654,69.73,97,13,8.21
422,Rawson,AR,2021-08-13 04:10:25,-43.3002,-65.1023,51.21,33,0,10.0
423,Nishihara,JP,2021-08-13 04:10:25,26.1842,127.7558,87.85,76,75,16.11
424,Karachi,PK,2021-08-13 04:10:26,24.9056,67.0822,84.02,61,75,17.27
425,Kostek,RU,2021-08-13 04:10:26,43.3439,46.8541,81.77,46,12,7.96
426,Sungairaya,ID,2021-08-13 04:10:26,0.7,108.9,78.55,88,97,3.96
427,Ca Mau,VN,2021-08-13 04:10:27,9.1769,105.15,87.94,60,100,7.72
428,Leningradskiy,RU,2021-08-13 04:10:27,69.3833,178.4167,50.76,59,100,2.24
429,Bom Jesus,BR,2021-08-13 04:10:27,-9.0744,-44.3586,70.79,45,21,3.6
430,Miraflores,MX,2021-08-13 04:10:28,19.2167,-98.8083,59.65,91,99,2.55
431,Kangshan,CN,2021-08-13 04:10:28,28.8812,116.4311,81.77,87,100,8.14
432,Jacareacanga,BR,2021-08-13 04:10:28,-6.2222,-57.7528,78.13,43,80,0.87
433,Oranjestad,AW,2021-08-13 04:10:29,12.524,-70.027,82.35,83,20,14.97
434,Okhotsk,RU,2021-08-13 04:05:55,59.3833,143.3,64.69,78,100,8.28
435,Hirado,JP,2021-08-13 04:10:29,33.3597,129.5531,78.15,91,100,4.7
436,Saquisili,EC,2021-08-13 04:10:30,-0.8333,-78.6667,47.52,93,40,7.0
437,Mnogovershinnyy,RU,2021-08-13 04:10:30,53.9353,139.9242,76.12,42,1,1.88
438,Maniitsoq,GL,2021-08-13 04:10:30,65.4167,-52.9,46.62,76,90,11.16
439,Roseburg,US,2021-08-13 04:05:52,43.2165,-123.3417,86.49,23,1,4.61
440,Namtsy,RU,2021-08-13 04:10:31,62.7161,129.6658,73.51,28,7,8.43
441,Yar-Sale,RU,2021-08-13 04:10:31,66.8333,70.8333,58.57,75,100,8.93
442,La Cumbre,AR,2021-08-13 04:10:32,-30.982,-64.4914,28.49,51,3,2.95
443,Farah,AF,2021-08-13 04:10:32,32.5,62.5,83.5,13,0,4.54
444,Bambanglipuro,ID,2021-08-13 04:10:32,-7.95,110.2833,81.36,73,86,12.82
445,Koundara,GN,2021-08-13 04:10:33,12.4833,-13.3,73.89,99,100,5.79
446,Shizuishan,CN,2021-08-13 04:10:33,39.2333,106.7694,84.69,31,4,9.08
447,Susurluk,TR,2021-08-13 04:10:34,39.9136,28.1578,70.29,84,0,1.97
448,Salekhard,RU,2021-08-13 04:10:35,66.53,66.6019,59.04,88,100,8.08
449,Kamaishi,JP,2021-08-13 04:10:35,39.2667,141.8833,68.16,93,100,7.67
450,Alofi,NU,2021-08-13 04:10:36,-19.0595,-169.9187,71.49,75,79,15.79
451,Mbarara,UG,2021-08-13 04:10:36,-0.608,30.65,64.42,81,31,3.2
452,Dzaoudzi,YT,2021-08-13 04:10:36,-12.7887,45.2699,69.69,88,0,0.0
453,Chumikan,RU,2021-08-13 04:10:37,54.7183,135.315,77.41,50,58,8.99
454,Makat,KZ,2021-08-13 04:10:37,47.6469,53.3463,80.46,29,0,14.92
455,Saldanha,ZA,2021-08-13 04:10:37,-33.0117,17.9442,49.08,72,0,14.23
456,Nurobod,UZ,2021-08-13 04:10:38,40.9056,69.8023,76.05,28,56,5.77
457,Chiknayakanhalli,IN,2021-08-13 04:10:38,13.4172,76.6228,72.45,78,100,10.09
458,Axim,GH,2021-08-13 04:10:39,4.8699,-2.2405,75.09,85,70,7.65
459,Mandera,KE,2021-08-13 04:10:39,3.9366,41.867,74.62,57,29,10.4
460,Huinan,CN,2021-08-13 04:10:40,42.6225,126.2614,71.6,74,84,7.94
461,Male,MV,2021-08-13 04:10:41,4.1748,73.5089,82.33,73,96,16.67
462,Vanimo,PG,2021-08-13 04:10:41,-2.6741,141.3028,84.43,69,100,8.19
463,Aquiraz,BR,2021-08-13 04:10:42,-3.9014,-38.3911,80.69,85,21,14.74
464,Lithakia,GR,2021-08-13 04:10:42,37.7167,20.8333,72.68,88,0,4.61
465,Jalu,LY,2021-08-13 04:10:42,29.0331,21.5482,81.93,51,0,13.49
466,Yuanping,CN,2021-08-13 04:10:43,38.7153,112.7575,82.9,42,0,3.69
467,Iqaluit,CA,2021-08-13 04:10:44,63.7506,-68.5145,42.53,100,90,2.3
468,Zambezi,ZM,2021-08-13 04:10:44,-13.5432,23.1047,51.13,32,0,4.85
469,Sayyan,YE,2021-08-13 04:10:45,15.1718,44.3244,67.69,41,37,2.42
470,Tonekabon,IR,2021-08-13 04:10:45,36.8163,50.8738,86.13,64,33,3.62
471,Fairbanks,US,2021-08-13 04:10:04,64.8378,-147.7164,57.54,87,90,9.22
472,Staryy Nadym,RU,2021-08-13 04:10:45,65.6118,72.6842,66.54,53,100,14.29
473,Barra Patuca,HN,2021-08-13 04:10:46,15.8,-84.2833,79.47,81,96,5.14
474,Mbalmayo,CM,2021-08-13 04:10:46,3.5167,11.5,66.49,91,100,4.09
475,Dogondoutchi,NE,2021-08-13 04:10:47,13.6393,4.0287,74.55,92,100,8.32
476,Nouadhibou,MR,2021-08-13 04:10:47,20.931,-17.0347,70.2,84,24,23.98
477,Sampit,ID,2021-08-13 04:10:48,-2.5333,112.95,83.48,78,48,2.8
478,Springville,US,2021-08-13 04:10:48,40.1652,-111.6107,82.53,34,1,4.61
479,Campbell River,CA,2021-08-13 04:10:48,50.0163,-125.2446,76.26,62,7,3.0
480,San Jose,US,2021-08-13 04:07:30,37.3394,-121.895,73.99,64,40,8.05
481,Bahia Blanca,AR,2021-08-13 04:10:49,-38.7196,-62.2724,43.45,70,0,10.78
482,Tanout,NE,2021-08-13 04:10:49,14.9709,8.8879,75.65,70,100,2.66
483,Belyy Yar,RU,2021-08-13 04:10:50,53.6039,91.3903,71.49,68,0,2.24
484,Vila Praia De Ancora,PT,2021-08-13 04:10:50,41.811,-8.8526,70.11,87,0,5.32
485,Tessalit,ML,2021-08-13 04:10:50,20.1986,1.0114,82.62,50,24,13.76
486,Renqiu,CN,2021-08-13 04:10:51,38.6989,116.0936,81.99,64,80,4.9
487,Priekule,LV,2021-08-13 04:10:51,56.4468,21.5897,65.59,95,7,5.3
488,Erdenet,MN,2021-08-13 04:10:51,49.0333,104.0833,63.63,78,79,5.44
489,Nioro,GM,2021-08-13 04:10:52,13.35,-15.75,75.33,87,74,5.75
490,Elizabeth City,US,2021-08-13 04:10:52,36.2946,-76.2511,84.25,87,1,3.0
491,Deniliquin,AU,2021-08-13 04:10:53,-35.5333,144.9667,60.01,49,35,10.31
492,Sonoita,MX,2021-08-13 04:10:53,31.85,-112.8333,85.53,45,44,3.27
493,Adamovka,RU,2021-08-13 04:10:53,51.5223,59.9396,63.07,42,17,11.3
494,Yokadouma,CM,2021-08-13 04:10:54,3.5167,15.05,68.74,93,99,2.19
495,Margate,GB,2021-08-13 04:10:54,51.3813,1.3862,59.31,90,50,1.99
496,Dingle,PH,2021-08-13 04:10:54,10.9995,122.6711,89.46,59,36,6.02
497,Richards Bay,ZA,2021-08-13 04:10:55,-28.783,32.0377,60.96,67,100,17.78
498,Valdivia,CL,2021-08-13 04:08:47,-39.8142,-73.2459,32.09,95,0,2.35
499,Rangia,IN,2021-08-13 04:10:55,26.4667,91.6333,80.65,88,100,8.46
500,Shahr-E Babak,IR,2021-08-13 04:10:56,30.1165,55.1186,82.27,10,0,3.4
501,Clyde River,CA,2021-08-13 04:10:56,70.4692,-68.5914,37.63,100,90,11.5
502,Rio Gallegos,AR,2021-08-13 04:10:56,-51.6226,-69.2181,39.25,81,0,11.5
503,Romitan,UZ,2021-08-13 04:10:57,39.9343,64.3814,80.55,41,0,9.22
504,College,US,2021-08-13 04:10:57,64.8569,-147.8028,57.52,87,75,3.44
505,Malanje,AO,2021-08-13 04:10:57,-9.5402,16.341,60.24,89,4,3.36
506,Lashio,MM,2021-08-13 04:10:58,22.9333,97.75,70.88,99,100,1.28
507,Sotnikovo,RU,2021-08-13 04:10:58,51.8845,107.4791,73.49,60,40,15.66
508,Benguela,AO,2021-08-13 04:10:59,-12.5763,13.4055,68.31,92,8,2.66
509,Rantepao,ID,2021-08-13 04:10:59,-2.9701,119.8978,78.53,74,62,4.52
510,Waipawa,NZ,2021-08-13 04:11:00,-41.4122,175.5153,49.03,90,97,6.98
511,Bathsheba,BB,2021-08-13 04:11:00,13.2167,-59.5167,79.41,89,40,10.36
512,Banff,CA,2021-08-13 04:11:00,51.1762,-115.5698,61.18,63,33,4.9
513,Kwinana,AU,2021-08-13 04:11:01,-32.25,115.7667,68.65,51,0,7.74
514,Victoria Point,AU,2021-08-13 04:11:01,-27.5833,153.3,80.44,67,22,1.99
515,Oriximina,BR,2021-08-13 04:11:02,-1.7656,-55.8661,76.73,79,86,4.99
516,Port Augusta,AU,2021-08-13 04:11:02,-32.5,137.7667,65.71,46,0,4.03
517,Leirvik,NO,2021-08-13 04:11:03,59.7798,5.5005,57.85,94,20,4.61
518,Black River,JM,2021-08-13 04:11:03,18.0264,-77.8487,82.4,83,97,5.5
519,Safaga,EG,2021-08-13 04:11:04,26.7292,33.9365,87.35,39,0,10.4
520,Malumfashi,NG,2021-08-13 04:11:04,11.7853,7.6218,69.06,94,100,6.24
521,Cabo San Lucas,MX,2021-08-13 04:11:05,22.8909,-109.9124,83.52,81,100,1.99
522,Jinchang,CN,2021-08-13 04:11:05,38.4953,102.1739,80.91,28,0,5.26
523,Kabo,CF,2021-08-13 04:11:06,7.6994,18.629,70.03,97,99,2.95
524,Discovery Bay,US,2021-08-13 04:11:06,37.9085,-121.6002,79.3,19,90,28.77
525,Sakakah,SA,2021-08-13 04:11:07,29.9697,40.2064,86.29,21,0,3.33
526,Ryotsu,JP,2021-08-13 04:11:07,38.0833,138.4333,72.93,85,100,6.53
527,Esil,KZ,2021-08-13 04:11:08,51.9556,66.4042,61.93,51,11,13.98
528,Puerto Escondido,MX,2021-08-13 04:11:08,15.85,-97.0667,80.46,80,90,1.97
529,Oron,NG,2021-08-13 04:11:09,4.8256,8.2343,72.81,92,99,2.68
530,Hailar,CN,2021-08-13 04:11:09,49.2,119.7,70.7,50,5,9.28
531,Novonikolayevskaya,RU,2021-08-13 04:11:10,45.5892,38.3689,72.28,94,100,8.1
532,Arcata,US,2021-08-13 04:11:02,40.8665,-124.0828,69.67,74,1,1.01
533,Lempaala,FI,2021-08-13 04:11:10,61.3167,23.75,54.97,93,75,1.14
534,Nalut,LY,2021-08-13 04:11:10,30.3333,10.85,84.45,24,2,9.4
535,Lufkin,US,2021-08-13 04:11:11,31.3382,-94.7291,78.33,91,1,3.44
536,Kirakira,SB,2021-08-13 04:11:11,-10.4544,161.9205,78.62,89,99,8.66
537,Solnechnyy,RU,2021-08-13 04:11:12,50.7214,136.6319,74.98,47,92,5.88
538,Luau,AO,2021-08-13 04:11:12,-10.7073,22.2247,58.82,24,0,3.56
539,Morant Bay,JM,2021-08-13 04:08:33,17.8815,-76.4093,75.61,87,49,6.64
540,Lithgow,AU,2021-08-13 04:11:13,-33.4833,150.15,60.87,39,0,7.99
541,Korla,CN,2021-08-13 04:11:13,41.7597,86.1469,89.98,20,68,4.63
542,Lakhdenpokhya,RU,2021-08-13 04:11:14,61.5198,30.1992,60.91,83,100,10.07
543,Texarkana,US,2021-08-13 04:11:14,33.4251,-94.0477,84.42,72,40,1.01
544,Orlik,RU,2021-08-13 04:11:14,52.5178,99.825,59.86,76,100,1.19
545,Verkhoyansk,RU,2021-08-13 04:11:15,67.5447,133.385,73.11,35,96,6.89
546,Digha,IN,2021-08-13 04:11:15,21.6833,87.55,86.31,70,100,3.09
547,Tallahassee,US,2021-08-13 04:07:51,30.4383,-84.2807,82.63,88,1,0.0
548,Souillac,MU,2021-08-13 04:11:16,-20.5167,57.5167,73.36,82,16,11.18
549,Nanchang,CN,2021-08-13 04:11:16,28.6833,115.8833,82.87,85,100,6.4
550,Tondano,ID,2021-08-13 04:11:17,1.3038,124.9112,82.49,61,58,3.8
551,Marawi,PH,2021-08-13 04:11:17,7.9986,124.2928,75.65,74,78,3.29
552,Lasa,IT,2021-08-13 04:11:18,46.6166,10.7002,64.02,79,68,1.43
553,Andra,RU,2021-08-13 04:11:18,62.5147,65.8878,61.18,63,99,5.55
554,Tommot,RU,2021-08-13 04:11:18,58.9564,126.2925,80.55,44,28,1.28
555,Half Moon Bay,US,2021-08-13 04:11:19,37.4636,-122.4286,74.03,80,20,6.91
556,Kochinda,IN,2021-08-13 04:11:19,21.7333,84.35,84.16,64,99,5.21
557,Espumoso,BR,2021-08-13 04:11:20,-28.7247,-52.8497,46.51,89,97,9.06
558,Filimonovo,RU,2021-08-13 04:11:20,56.2011,95.4611,73.15,61,96,3.94
559,Basco,PH,2021-08-13 04:11:21,20.4487,121.9702,81.81,77,100,13.73
560,Le Port,RE,2021-08-13 04:11:21,-20.9373,55.2919,71.62,73,7,6.51
561,Seoul,KR,2021-08-13 04:11:22,37.5683,126.9778,83.71,52,100,4.27
562,Great Yarmouth,GB,2021-08-13 04:11:22,52.6083,1.7305,57.94,81,43,11.77
563,Sokolo,ML,2021-08-13 04:11:22,14.7328,-6.1219,81.3,69,88,8.79
564,Jatiroto,ID,2021-08-13 04:08:07,-7.8833,111.1167,84.94,62,42,5.23
565,Carballo,ES,2021-08-13 04:11:23,43.213,-8.691,62.87,98,60,2.75
566,Ambon,ID,2021-08-13 04:11:23,-3.6954,128.1814,84.34,79,40,4.61
567,Puri,IN,2021-08-13 04:11:24,19.8,85.85,86.52,69,100,6.76
568,Krutinka,RU,2021-08-13 04:11:24,56.0055,71.5113,56.44,64,48,12.08
569,Irece,BR,2021-08-13 04:11:25,-11.3042,-41.8558,63.99,69,77,14.0
570,San Patricio,US,2021-08-13 04:11:26,28.017,-97.5169,85.89,70,30,11.54
