City_ID,City,Country,Date,Lat,Lng,Max Temp,Humidity,Cloudiness,Wind Speed,Current Description,Rain inches (last 3 hrs),Snow inches (last 3 hrs)
0,andenes,NO,2021-08-15 19:20:35,69.3143,16.1194,49.98,87,75,27.63,broken clouds,0.0,0
1,bluff,NZ,2021-08-15 19:20:35,-46.6,168.3333,52.81,70,97,19.69,overcast clouds,0.0,0
2,pangnirtung,CA,2021-08-15 19:20:36,66.1451,-65.7125,46.4,87,75,13.8,broken clouds,0.0,0
3,mataura,NZ,2021-08-15 19:20:36,-46.1927,168.8643,52.48,90,100,5.21,overcast clouds,0.0,0
4,vaini,TO,2021-08-15 19:20:36,-21.2,-175.2,66.36,77,40,8.05,scattered clouds,0.0,0
5,saldanha,ZA,2021-08-15 19:20:37,-33.0117,17.9442,51.85,73,54,13.29,broken clouds,0.0,0
6,nikolskoye,RU,2021-08-15 19:20:37,59.7035,30.7861,61.02,72,4,8.93,clear sky,0.0,0
7,lircay,PE,2021-08-15 19:20:37,-12.9896,-74.7205,66.74,56,100,6.73,overcast clouds,0.0,0
8,port alfred,ZA,2021-08-15 19:20:37,-33.5906,26.891,59.86,79,0,12.84,clear sky,0.0,0
9,busselton,AU,2021-08-15 19:20:38,-33.65,115.3333,49.08,76,0,10.6,clear sky,0.0,0
10,kodiak,US,2021-08-15 19:20:38,57.79,-152.4072,60.31,51,1,0.0,clear sky,0.0,0
11,tiksi,RU,2021-08-15 19:20:38,71.6872,128.8694,39.02,94,18,5.79,few clouds,0.0,0
12,ulladulla,AU,2021-08-15 19:20:39,-35.35,150.4667,57.09,43,0,10.98,clear sky,0.0,0
13,sorland,NO,2021-08-15 19:20:39,67.667,12.6934,51.87,77,100,20.96,overcast clouds,0.0,0
14,ushuaia,AR,2021-08-15 19:19:30,-54.8,-68.3,51.46,54,40,6.91,scattered clouds,0.0,0
15,nome,US,2021-08-15 19:20:40,64.5011,-165.4064,50.07,87,90,0.0,light rain,0.0,0
16,touros,BR,2021-08-15 19:20:40,-5.1989,-35.4608,81.5,67,15,22.1,few clouds,0.0,0
17,port elizabeth,ZA,2021-08-15 19:20:40,-33.918,25.5701,59.09,94,40,8.05,scattered clouds,0.0,0
18,punta arenas,CL,2021-08-15 19:16:13,-53.15,-70.9167,42.91,87,75,9.22,broken clouds,0.0,0
19,santa leopoldina,BR,2021-08-15 19:20:41,-20.1006,-40.5297,73.02,83,93,4.23,overcast clouds,0.0,0
20,gazli,UZ,2021-08-15 19:20:41,40.1333,63.45,76.78,18,0,18.12,clear sky,0.0,0
21,barrow,US,2021-08-15 19:20:41,71.2906,-156.7887,35.62,80,90,16.11,overcast clouds,0.0,0
22,fort saint james,CA,2021-08-15 19:20:41,54.4333,-124.25,72.73,45,100,15.08,overcast clouds,0.0,0
23,bambous virieux,MU,2021-08-15 19:20:42,-20.3428,57.7575,68.25,73,40,12.66,scattered clouds,0.0,0
24,beyneu,KZ,2021-08-15 19:20:42,45.3167,55.2,80.83,22,0,11.7,clear sky,0.0,0
25,churapcha,RU,2021-08-15 19:20:42,62.0025,132.4325,60.84,94,98,3.33,overcast clouds,0.0,0
26,hilo,US,2021-08-15 19:20:43,19.7297,-155.09,81.25,80,90,3.44,overcast clouds,0.0,0
27,east london,ZA,2021-08-15 19:18:02,-33.0153,27.9116,60.87,70,0,9.82,clear sky,0.0,0
28,ribeira grande,PT,2021-08-15 19:20:43,38.5167,-28.7,75.6,73,40,3.44,scattered clouds,0.0,0
29,vila velha,BR,2021-08-15 19:20:43,-20.3297,-40.2925,73.35,78,75,12.66,broken clouds,0.0,0
30,richards bay,ZA,2021-08-15 19:20:44,-28.783,32.0377,64.09,79,17,7.7,few clouds,0.0,0
31,upernavik,GL,2021-08-15 19:18:08,72.7868,-56.1549,42.4,94,100,13.73,light rain,0.0,0
32,rikitea,PF,2021-08-15 19:20:44,-23.1203,-134.9692,74.79,75,0,12.75,clear sky,0.0,0
33,abu samrah,SY,2021-08-15 19:20:45,35.3029,37.1841,82.18,39,0,12.59,clear sky,0.0,0
34,atuona,PF,2021-08-15 19:20:45,-9.8,-139.0333,78.13,69,69,19.04,broken clouds,0.0,0
35,walvis bay,NA,2021-08-15 19:20:45,-22.9575,14.5053,56.08,93,25,3.44,scattered clouds,0.0,0
36,carnarvon,AU,2021-08-15 19:20:46,-24.8667,113.6333,55.47,58,2,5.75,clear sky,0.0,0
37,saint-pierre,RE,2021-08-15 19:20:46,-21.3393,55.4781,65.84,75,40,8.05,scattered clouds,0.0,0
38,hithadhoo,MV,2021-08-15 19:20:46,-0.6,73.0833,83.32,68,100,15.79,overcast clouds,0.0,0
39,prestea,GH,2021-08-15 19:20:47,5.4327,-2.1428,76.55,73,88,7.0,overcast clouds,0.0,0
40,geraldton,AU,2021-08-15 19:17:04,-28.7667,114.6,57.61,44,0,16.11,clear sky,0.0,0
41,dawlatabad,AF,2021-08-15 19:20:47,36.4141,64.9053,73.27,17,0,4.36,clear sky,0.0,0
42,baghmara,IN,2021-08-15 19:20:47,23.795,86.2085,82.24,81,100,4.61,overcast clouds,0.0,0
43,bengkulu,ID,2021-08-15 19:20:48,-3.8004,102.2655,75.15,89,85,3.13,overcast clouds,0.0,0
44,grand gaube,MU,2021-08-15 19:20:48,-20.0064,57.6608,68.4,75,86,1.99,overcast clouds,0.0,0
45,noumea,NC,2021-08-15 19:20:48,-22.2763,166.4572,60.78,77,6,9.42,clear sky,0.0,0
46,cherskiy,RU,2021-08-15 19:20:49,68.75,161.3,42.73,88,100,1.14,light rain,0.0,0
47,nichinan,JP,2021-08-15 19:20:49,31.6,131.3667,76.39,94,100,2.26,overcast clouds,0.0,0
48,guerrero negro,MX,2021-08-15 19:20:49,27.9769,-114.0611,79.77,57,11,14.23,few clouds,0.0,0
49,qaanaaq,GL,2021-08-15 19:20:49,77.484,-69.3632,38.52,98,100,5.12,light rain,0.0,0
50,saint-philippe,RE,2021-08-15 19:20:50,-21.3585,55.7679,65.75,79,84,12.86,light rain,0.0,0
51,bethel,US,2021-08-15 19:20:50,41.3712,-73.414,84.09,53,1,5.75,clear sky,0.0,0
52,fairbanks,US,2021-08-15 19:20:51,64.8378,-147.7164,50.59,93,90,3.0,light rain,0.0,0
53,kishorganj,BD,2021-08-15 19:20:51,24.4333,90.7667,79.34,93,100,6.53,overcast clouds,0.0,0
54,thompson,CA,2021-08-15 19:20:51,55.7435,-97.8558,78.96,38,40,19.57,scattered clouds,0.0,0
55,longyearbyen,SJ,2021-08-15 19:20:51,78.2186,15.6401,39.04,75,75,12.66,broken clouds,0.0,0
56,husavik,IS,2021-08-15 19:20:53,66.0449,-17.3389,58.91,77,15,7.78,few clouds,0.0,0
57,puerto ayora,EC,2021-08-15 19:20:53,-0.7393,-90.3518,76.96,88,74,8.01,broken clouds,0.0,0
58,lorengau,PG,2021-08-15 19:20:53,-2.0226,147.2712,79.65,83,99,4.21,overcast clouds,0.0,0
59,kapaa,US,2021-08-15 19:20:54,22.0752,-159.319,84.52,70,40,3.0,moderate rain,0.0,0
60,pahrump,US,2021-08-15 19:17:17,36.2083,-115.9839,102.51,21,0,3.0,clear sky,0.0,0
61,mount gambier,AU,2021-08-15 19:20:54,-37.8333,140.7667,49.91,93,40,13.8,scattered clouds,0.0,0
62,caravelas,BR,2021-08-15 19:20:54,-17.7125,-39.2481,74.93,66,1,6.73,clear sky,0.0,0
63,cape town,ZA,2021-08-15 19:17:06,-33.9258,18.4232,57.11,82,0,3.44,clear sky,0.0,0
64,katsuura,JP,2021-08-15 19:20:55,35.1333,140.3,68.11,94,100,12.97,overcast clouds,0.0,0
65,airai,TL,2021-08-15 19:20:55,-8.9266,125.4092,57.61,90,35,3.62,scattered clouds,0.0,0
66,albany,US,2021-08-15 19:18:40,42.6001,-73.9662,79.45,51,100,3.87,overcast clouds,0.0,0
67,lompoc,US,2021-08-15 19:20:56,34.6391,-120.4579,86.02,76,20,16.11,few clouds,0.0,0
68,sao filipe,CV,2021-08-15 19:20:56,14.8961,-24.4956,76.66,81,84,2.19,broken clouds,0.0,0
69,morros,BR,2021-08-15 19:20:56,-9.4467,-46.3003,93.85,13,4,8.43,clear sky,0.0,0
70,kalemie,CD,2021-08-15 19:20:56,-5.9475,29.1947,73.83,48,0,0.45,clear sky,0.0,0
71,jamestown,US,2021-08-15 19:20:57,42.097,-79.2353,77.29,56,20,5.75,few clouds,0.0,0
72,georgetown,MY,2021-08-15 19:20:57,5.4112,100.3354,78.89,91,40,5.75,heavy intensity rain,0.0,0
73,jiuquan,CN,2021-08-15 19:20:57,39.7432,98.5174,77.65,30,70,6.15,broken clouds,0.0,0
74,felanitx,ES,2021-08-15 19:20:58,39.4696,3.1483,88.45,52,0,5.14,clear sky,0.0,0
75,mar del plata,AR,2021-08-15 19:16:46,-38.0023,-57.5575,59.02,63,0,8.05,clear sky,0.0,0
76,steinbach,DE,2021-08-15 19:20:58,50.1667,8.5667,77.0,58,0,6.91,clear sky,0.0,0
77,hobart,AU,2021-08-15 19:20:59,-42.8794,147.3294,41.25,87,40,5.01,light rain,0.0,0
78,pasaje,EC,2021-08-15 19:20:59,-3.3333,-79.8167,78.87,64,91,4.74,overcast clouds,0.0,0
79,havoysund,NO,2021-08-15 19:20:59,70.9963,24.6622,46.63,80,100,10.49,overcast clouds,0.0,0
80,yellowknife,CA,2021-08-15 19:21:00,62.456,-114.3525,61.32,63,75,12.66,broken clouds,0.0,0
81,los chiles,CR,2021-08-15 19:16:08,11.0333,-84.7167,83.97,78,100,4.14,overcast clouds,0.0,0
82,molteno,ZA,2021-08-15 19:21:00,-31.3968,26.3625,47.52,58,0,5.3,clear sky,0.0,0
83,la palma,US,2021-08-15 19:21:00,33.8464,-118.0467,103.75,62,40,5.99,scattered clouds,0.0,0
84,rosita,NI,2021-08-15 19:21:01,13.9268,-84.4032,86.83,64,46,2.95,scattered clouds,0.0,0
85,tura,IN,2021-08-15 19:21:01,25.5198,90.2201,74.28,95,94,4.21,overcast clouds,0.0,0
86,novoagansk,RU,2021-08-15 19:21:01,61.9449,76.6625,61.2,67,99,8.3,overcast clouds,0.0,0
87,faya,SA,2021-08-15 19:21:02,18.3851,42.4509,71.71,68,100,3.49,overcast clouds,0.0,0
88,hermanus,ZA,2021-08-15 19:21:02,-34.4187,19.2345,56.89,80,39,6.29,scattered clouds,0.0,0
89,shenjiamen,CN,2021-08-15 19:21:02,29.9576,122.298,77.9,94,100,7.38,light rain,0.0,0
90,jumla,NP,2021-08-15 19:21:03,29.2747,82.1838,58.05,92,100,2.26,overcast clouds,0.0,0
91,la ronge,CA,2021-08-15 19:21:03,55.1001,-105.2842,77.22,31,40,10.36,scattered clouds,0.0,0
92,san rafael,AR,2021-08-15 19:21:03,-34.6177,-68.3301,65.82,18,89,7.38,overcast clouds,0.0,0
93,butaritari,KI,2021-08-15 19:21:04,3.0707,172.7902,82.49,74,21,9.19,few clouds,0.0,0
94,tasiilaq,GL,2021-08-15 19:21:04,65.6145,-37.6368,50.77,69,81,11.14,broken clouds,0.0,0
95,seoul,KR,2021-08-15 19:20:13,37.5683,126.9778,76.57,65,20,9.22,few clouds,0.0,0
96,baruun-urt,MN,2021-08-15 19:21:04,46.6806,113.2792,56.55,88,0,3.24,clear sky,0.0,0
97,guerrero,MX,2021-08-15 19:21:05,17.6667,-100.0,77.13,79,56,3.04,broken clouds,0.0,0
98,mujiayingzi,CN,2021-08-15 19:21:05,42.1167,118.7833,62.47,95,100,2.37,overcast clouds,0.0,0
99,aloleng,PH,2021-08-15 19:21:05,16.1307,119.7824,79.12,84,99,4.7,overcast clouds,0.0,0
100,victoria,HK,2021-08-15 19:16:49,22.2855,114.1577,81.97,87,100,6.4,overcast clouds,0.0,0
101,ranong,TH,2021-08-15 19:21:06,9.9658,98.6348,76.57,87,100,4.83,overcast clouds,0.0,0
102,scarborough,GB,2021-08-15 19:17:28,54.2797,-0.4044,64.53,90,91,1.74,overcast clouds,0.0,0
103,papara,BR,2021-08-15 19:21:06,-3.9839,-38.7273,81.0,43,41,9.35,scattered clouds,0.0,0
104,bar harbor,US,2021-08-15 19:21:07,44.3876,-68.2039,79.93,48,1,11.99,clear sky,0.0,0
105,lagoa,PT,2021-08-15 19:21:07,39.05,-27.9833,71.2,77,99,6.91,overcast clouds,0.0,0
106,tariba,VE,2021-08-15 19:21:07,7.8188,-72.2243,81.16,60,40,5.08,scattered clouds,0.0,0
107,ambilobe,MG,2021-08-15 19:21:07,-13.2,49.05,71.08,75,12,3.6,few clouds,0.0,0
108,vanavara,RU,2021-08-15 19:21:08,60.34,102.2797,51.6,97,20,3.85,few clouds,0.0,0
109,san policarpo,PH,2021-08-15 19:21:08,12.1791,125.5072,80.65,79,100,3.96,overcast clouds,0.0,0
110,golden,US,2021-08-15 19:21:08,39.7555,-105.2211,92.44,28,75,5.99,broken clouds,0.0,0
111,kaitangata,NZ,2021-08-15 19:21:09,-46.2817,169.8464,42.28,85,100,6.46,overcast clouds,0.0,0
112,saint-joseph,RE,2021-08-15 19:21:09,-21.3667,55.6167,64.76,77,64,13.31,broken clouds,0.0,0
113,sulangan,PH,2021-08-15 19:21:09,11.1373,123.7228,83.08,74,95,5.79,overcast clouds,0.0,0
114,dikson,RU,2021-08-15 19:21:10,73.5069,80.5464,44.91,100,100,11.92,light rain,0.0,0
115,matamoros,MX,2021-08-15 19:21:10,25.5333,-103.25,89.71,35,40,0.0,scattered clouds,0.0,0
116,veinticinco de mayo,AR,2021-08-15 19:21:10,-35.4323,-60.1727,63.05,47,0,6.4,clear sky,0.0,0
117,bredasdorp,ZA,2021-08-15 19:21:11,-34.5322,20.0403,50.29,87,88,1.45,overcast clouds,0.0,0
118,rapid valley,US,2021-08-15 19:21:11,44.0625,-103.1463,96.57,19,1,5.75,clear sky,0.0,0
119,juneau,US,2021-08-15 19:21:12,58.3019,-134.4197,57.25,89,75,8.05,light rain,0.0,0
120,saskylakh,RU,2021-08-15 19:21:12,71.9167,114.0833,45.16,74,56,7.43,broken clouds,0.0,0
121,dwarka,IN,2021-08-15 19:21:12,22.2394,68.9678,81.55,78,98,16.42,overcast clouds,0.0,0
122,kahului,US,2021-08-15 19:21:12,20.8947,-156.47,79.97,76,40,18.41,light rain,0.0,0
123,kloulklubed,PW,2021-08-15 19:21:13,7.0419,134.2556,77.5,71,24,9.33,few clouds,0.0,0
124,buchanan,LR,2021-08-15 19:21:13,5.8808,-10.0467,76.48,73,95,6.91,overcast clouds,0.0,0
125,beloha,MG,2021-08-15 19:21:13,-25.1667,45.05,61.18,72,4,12.97,clear sky,0.0,0
126,half moon bay,US,2021-08-15 19:21:14,37.4636,-122.4286,91.58,71,1,1.01,clear sky,0.0,0
127,zelenoborsk,RU,2021-08-15 19:21:14,61.4669,64.0333,59.22,72,1,3.91,clear sky,0.0,0
128,arraial do cabo,BR,2021-08-15 19:21:14,-22.9661,-42.0278,71.56,78,40,12.66,scattered clouds,0.0,0
129,codrington,AU,2021-08-15 19:21:15,-38.2667,141.9667,50.31,71,9,17.78,clear sky,0.0,0
130,dzhebariki-khaya,RU,2021-08-15 19:21:15,62.2167,135.8,58.73,96,100,3.44,light rain,0.0,0
131,plettenberg bay,ZA,2021-08-15 19:21:15,-34.0527,23.3716,58.08,73,0,4.99,clear sky,0.0,0
132,sao felix do xingu,BR,2021-08-15 19:21:16,-6.6447,-51.995,99.61,17,31,3.24,scattered clouds,0.0,0
133,khatanga,RU,2021-08-15 19:21:16,71.9667,102.5,55.51,55,100,12.15,overcast clouds,0.0,0
134,stromness,GB,2021-08-15 19:21:16,58.965,-3.296,52.05,87,99,10.0,overcast clouds,0.0,0
135,ketchikan,US,2021-08-15 19:21:17,55.3422,-131.6461,58.84,68,68,5.23,light rain,0.0,0
136,kavaratti,IN,2021-08-15 19:21:17,10.5669,72.642,81.14,80,99,17.16,overcast clouds,0.0,0
137,avarua,CK,2021-08-15 19:21:17,-21.2078,-159.775,75.25,69,20,10.36,few clouds,0.0,0
138,at-bashi,KG,2021-08-15 19:21:18,41.1702,75.8106,47.62,49,28,2.59,scattered clouds,0.0,0
139,isangel,VU,2021-08-15 19:21:18,-19.55,169.2667,60.91,94,75,2.3,broken clouds,0.0,0
140,zephyrhills,US,2021-08-15 19:18:30,28.2336,-82.1812,87.12,75,1,8.05,clear sky,0.0,0
141,margate,GB,2021-08-15 19:21:18,51.3813,1.3862,67.91,71,8,4.0,clear sky,0.0,0
142,alta floresta,BR,2021-08-15 19:21:19,-9.8756,-56.0861,98.42,25,40,3.44,scattered clouds,0.0,0
143,samfya,ZM,2021-08-15 19:21:19,-11.3649,29.5565,70.0,44,54,11.72,broken clouds,0.0,0
144,benevides,BR,2021-08-15 19:20:09,-1.3614,-48.2447,85.8,93,100,3.38,overcast clouds,0.0,0
145,borogontsy,RU,2021-08-15 19:21:20,62.6683,131.1683,57.6,97,67,4.05,broken clouds,0.0,0
146,coahuayana,MX,2021-08-15 19:21:20,18.7333,-103.6833,89.08,54,57,5.97,broken clouds,0.0,0
147,luanda,AO,2021-08-15 19:17:43,-8.8368,13.2343,73.4,83,20,11.5,few clouds,0.0,0
148,verkhniye tatyshly,RU,2021-08-15 19:21:20,56.2912,55.8575,62.96,76,90,5.55,overcast clouds,0.0,0
149,chuy,UY,2021-08-15 19:21:21,-33.6971,-53.4616,60.73,84,55,4.14,broken clouds,0.0,0
150,saint-georges,GD,2021-08-15 19:21:21,12.0564,-61.7485,85.68,74,75,14.97,broken clouds,0.0,0
151,aleksandrovsk-sakhalinskiy,RU,2021-08-15 19:21:22,50.8975,142.1561,53.49,92,68,10.51,broken clouds,0.0,0
152,nanortalik,GL,2021-08-15 19:21:22,60.1432,-45.2371,49.66,94,100,10.29,light rain,0.0,0
153,srednekolymsk,RU,2021-08-15 19:21:22,67.45,153.6833,43.27,69,100,3.51,overcast clouds,0.0,0
154,ponta do sol,PT,2021-08-15 19:21:23,32.6667,-17.1,83.03,49,7,5.41,clear sky,0.0,0
155,cayenne,GF,2021-08-15 19:21:23,4.9333,-52.3333,82.44,83,0,1.01,clear sky,0.0,0
156,pevek,RU,2021-08-15 19:21:23,69.7008,170.3133,32.67,99,100,4.99,light snow,0.0,0
157,voloshka,RU,2021-08-15 19:21:24,61.3314,40.0858,55.9,96,95,5.19,overcast clouds,0.0,0
158,jiangkou,CN,2021-08-15 19:21:24,25.4872,119.1986,80.49,92,10,6.31,clear sky,0.0,0
159,saint george,US,2021-08-15 19:21:24,37.1041,-113.5841,102.63,28,1,1.01,clear sky,0.0,0
160,luganville,VU,2021-08-15 19:21:25,-15.5333,167.1667,74.52,81,74,15.48,broken clouds,0.0,0
161,abeche,TD,2021-08-15 19:21:25,13.8292,20.8324,80.64,64,97,8.59,overcast clouds,0.0,0
162,staryy nadym,RU,2021-08-15 19:21:26,65.6118,72.6842,53.76,76,64,13.67,broken clouds,0.0,0
163,berck,FR,2021-08-15 19:21:26,50.4,1.6,64.38,72,75,12.66,broken clouds,0.0,0
164,belyy yar,RU,2021-08-15 19:21:26,53.6039,91.3903,58.89,88,0,4.47,clear sky,0.0,0
165,kindu,CD,2021-08-15 19:21:27,-2.95,25.95,75.06,70,7,2.86,clear sky,0.0,0
166,san pedro de ycuamandiyu,PY,2021-08-15 19:21:27,-24.0917,-57.0764,85.46,28,5,4.81,clear sky,0.0,0
167,vila,PT,2021-08-15 19:21:27,42.0304,-8.1588,73.33,63,0,5.97,clear sky,0.0,0
168,kruisfontein,ZA,2021-08-15 19:21:28,-34.0033,24.7314,56.88,72,0,5.82,clear sky,0.0,0
169,honiara,SB,2021-08-15 19:21:28,-9.4333,159.95,76.64,90,97,7.27,overcast clouds,0.0,0
170,fortuna,US,2021-08-15 19:21:28,40.5982,-124.1573,70.93,79,1,3.0,clear sky,0.0,0
171,castro,BR,2021-08-15 19:21:29,-24.7911,-50.0119,71.73,56,50,4.92,scattered clouds,0.0,0
172,haverfordwest,GB,2021-08-15 19:21:29,51.8017,-4.9691,62.19,90,79,7.0,broken clouds,0.0,0
173,oriximina,BR,2021-08-15 19:21:29,-1.7656,-55.8661,89.1,52,19,2.17,few clouds,0.0,0
174,constitucion,CL,2021-08-15 19:19:05,-35.3333,-72.4167,52.61,81,100,13.91,overcast clouds,0.0,0
175,chapadinha,BR,2021-08-15 19:21:05,-3.7417,-43.3603,92.48,35,93,2.82,overcast clouds,0.0,0
176,baykit,RU,2021-08-15 19:21:30,61.67,96.37,55.67,93,100,1.95,overcast clouds,0.0,0
177,bosaso,SO,2021-08-15 19:21:30,11.2842,49.1816,90.95,50,25,3.51,scattered clouds,0.0,0
178,tuatapere,NZ,2021-08-15 19:21:30,-46.1333,167.6833,52.83,80,100,6.82,overcast clouds,0.0,0
179,tiznit,MA,2021-08-15 19:21:31,29.5833,-9.5,96.01,13,29,0.54,scattered clouds,0.0,0
180,yerbogachen,RU,2021-08-15 19:21:31,61.2767,108.0108,57.02,85,85,11.39,overcast clouds,0.0,0
181,provideniya,RU,2021-08-15 19:21:31,64.3833,-173.3,48.31,76,90,11.18,moderate rain,0.0,0
182,itupeva,BR,2021-08-15 19:21:32,-23.1531,-47.0578,83.93,30,20,6.91,few clouds,0.0,0
183,yulara,AU,2021-08-15 19:21:32,-25.2406,130.9889,51.64,40,5,4.61,clear sky,0.0,0
184,guozhen,CN,2021-08-15 19:21:32,34.3659,107.359,71.35,78,100,3.15,overcast clouds,0.0,0
185,inhambane,MZ,2021-08-15 19:21:33,-23.865,35.3833,66.18,77,75,0.0,broken clouds,0.0,0
186,santa maria,BR,2021-08-15 19:16:55,-29.6842,-53.8069,70.9,56,40,3.44,scattered clouds,0.0,0
187,udachnyy,RU,2021-08-15 19:21:33,66.4167,112.4,52.23,78,100,3.89,overcast clouds,0.0,0
188,seryshevo,RU,2021-08-15 19:21:33,51.0933,128.3786,60.21,86,2,2.37,clear sky,0.0,0
189,sigli,ID,2021-08-15 19:21:34,5.3848,95.9609,77.74,80,100,4.63,moderate rain,0.0,0
190,antofagasta,CL,2021-08-15 19:21:34,-23.65,-70.4,58.28,71,15,10.63,few clouds,0.0,0
191,nouadhibou,MR,2021-08-15 19:21:34,20.931,-17.0347,75.18,83,15,14.97,few clouds,0.0,0
192,alofi,NU,2021-08-15 19:20:06,-19.0595,-169.9187,71.49,78,99,11.5,light rain,0.0,0
193,makakilo city,US,2021-08-15 19:21:35,21.3469,-158.0858,82.72,56,1,5.75,clear sky,0.0,0
194,haines junction,CA,2021-08-15 19:21:35,60.7522,-137.5108,53.55,66,100,9.22,overcast clouds,0.0,0
195,aswan,EG,2021-08-15 19:17:40,24.0934,32.907,93.34,14,0,10.63,clear sky,0.0,0
196,am timan,TD,2021-08-15 19:21:36,11.0297,20.2827,77.02,82,97,1.34,overcast clouds,0.0,0
197,kyra,RU,2021-08-15 19:21:36,49.5776,111.9753,55.45,91,53,0.38,broken clouds,0.0,0
198,lalmohan,BD,2021-08-15 19:21:36,22.3384,90.7419,82.99,84,100,12.33,heavy intensity rain,0.0,0
199,saquarema,BR,2021-08-15 19:21:37,-22.92,-42.5103,73.42,75,32,14.94,scattered clouds,0.0,0
200,tautira,PF,2021-08-15 19:21:37,-17.7333,-149.15,80.62,78,15,8.97,few clouds,0.0,0
201,narsaq,GL,2021-08-15 19:21:37,60.9167,-46.05,61.02,89,91,4.5,overcast clouds,0.0,0
202,poum,NC,2021-08-15 19:21:18,-20.2333,164.0167,70.05,66,98,17.36,overcast clouds,0.0,0
203,parainen,FI,2021-08-15 19:21:38,60.3067,22.301,59.45,80,69,19.6,broken clouds,0.0,0
204,santa marta,CO,2021-08-15 19:21:38,11.2408,-74.199,80.98,82,100,1.57,overcast clouds,0.0,0
205,atambua,ID,2021-08-15 19:21:38,-9.1061,124.8925,70.23,88,19,5.21,few clouds,0.0,0
206,new norfolk,AU,2021-08-15 19:21:39,-42.7826,147.0587,40.91,82,100,8.32,light rain,0.0,0
207,haian,CN,2021-08-15 19:21:39,32.5436,120.45,75.99,94,100,5.57,overcast clouds,0.0,0
208,port hedland,AU,2021-08-15 19:21:39,-20.3167,118.5667,68.05,42,7,6.91,clear sky,0.0,0
209,gat,IL,2021-08-15 19:17:04,31.61,34.7642,83.08,100,0,5.82,clear sky,0.0,0
210,filingue,NE,2021-08-15 19:21:40,14.3521,3.3168,92.5,42,100,4.56,overcast clouds,0.0,0
211,yuanping,CN,2021-08-15 19:21:40,38.7153,112.7575,62.83,92,1,0.78,clear sky,0.0,0
212,norman wells,CA,2021-08-15 19:21:40,65.282,-126.8329,53.64,94,90,2.3,light rain,0.0,0
213,alice springs,AU,2021-08-15 19:21:41,-23.7,133.8833,42.35,45,0,3.44,clear sky,0.0,0
214,mayumba,GA,2021-08-15 19:21:41,-3.432,10.6554,73.9,91,67,9.01,broken clouds,0.0,0
215,severo-kurilsk,RU,2021-08-15 19:21:41,50.6789,156.125,54.05,92,32,12.48,scattered clouds,0.0,0
216,luderitz,NA,2021-08-15 19:21:42,-26.6481,15.1594,56.91,73,1,6.33,clear sky,0.0,0
217,assens,DK,2021-08-15 19:21:42,55.2702,9.9008,66.09,87,82,4.81,broken clouds,0.0,0
218,yar-sale,RU,2021-08-15 19:21:42,66.8333,70.8333,52.66,76,100,19.6,overcast clouds,0.0,0
219,beringovskiy,RU,2021-08-15 19:21:43,63.05,179.3167,45.82,95,100,10.36,light rain,0.0,0
220,dicabisagan,PH,2021-08-15 19:21:43,17.0818,122.4157,77.25,87,97,3.36,heavy intensity rain,0.0,0
221,siocon,PH,2021-08-15 19:21:44,7.7061,122.1353,77.9,85,100,2.55,overcast clouds,0.0,0
222,oistins,BB,2021-08-15 19:21:44,13.0667,-59.5333,87.89,70,75,14.97,broken clouds,0.0,0
223,iralaya,HN,2021-08-15 19:21:44,15.0,-83.2333,89.69,62,7,7.47,clear sky,0.0,0
224,lebu,CL,2021-08-15 19:21:45,-37.6167,-73.65,50.13,91,100,22.95,overcast clouds,0.0,0
225,faanui,PF,2021-08-15 19:21:45,-16.4833,-151.75,78.85,73,16,13.04,few clouds,0.0,0
226,petropavlovsk-kamchatskiy,RU,2021-08-15 19:21:45,53.0452,158.6483,46.99,100,20,6.71,fog,0.0,0
227,cairns,AU,2021-08-15 19:21:46,-16.9167,145.7667,69.75,89,40,10.36,scattered clouds,0.0,0
228,kampot,KH,2021-08-15 19:21:46,10.6167,104.1833,77.05,82,84,3.13,light rain,0.0,0
229,torbay,CA,2021-08-15 19:21:46,47.6666,-52.7314,81.37,69,40,16.11,scattered clouds,0.0,0
230,jingdezhen,CN,2021-08-15 19:21:46,29.2947,117.2079,75.4,98,100,0.78,light rain,0.0,0
231,hasaki,JP,2021-08-15 19:21:47,35.7333,140.8333,68.4,83,100,14.56,overcast clouds,0.0,0
232,ternate,ID,2021-08-15 19:21:47,0.8,127.4,79.3,80,34,2.53,scattered clouds,0.0,0
233,aguimes,ES,2021-08-15 19:21:47,27.9054,-15.4461,83.03,45,0,20.71,clear sky,0.0,0
234,shimoda,JP,2021-08-15 19:21:48,34.6667,138.95,71.69,93,100,14.47,light rain,0.0,0
235,praya,CV,2021-08-15 19:21:48,14.9215,-23.5087,82.94,69,75,17.27,broken clouds,0.0,0
236,sao joao da barra,BR,2021-08-15 19:21:48,-21.6403,-41.0511,73.49,75,87,10.02,overcast clouds,0.0,0
237,maldonado,UY,2021-08-15 19:21:49,-34.6667,-54.9167,49.39,83,94,6.51,overcast clouds,0.0,0
238,chernyshevskiy,RU,2021-08-15 19:21:49,63.0128,112.4714,54.3,98,100,8.48,light rain,0.0,0
239,dhidhdhoo,MV,2021-08-15 19:21:49,6.8833,73.1,82.13,76,98,15.84,overcast clouds,0.0,0
240,linhares,BR,2021-08-15 19:17:45,-19.3911,-40.0722,75.94,62,81,9.93,broken clouds,0.0,0
241,acapulco,MX,2021-08-15 19:17:34,16.8634,-99.8901,89.42,70,75,3.44,broken clouds,0.0,0
242,san patricio,US,2021-08-15 19:21:50,28.017,-97.5169,95.09,40,17,8.3,few clouds,0.0,0
243,dongsheng,CN,2021-08-15 19:21:50,39.8161,109.9776,67.35,55,0,8.28,clear sky,0.0,0
244,thinadhoo,MV,2021-08-15 19:21:50,0.5333,72.9333,82.63,73,100,15.61,overcast clouds,0.0,0
245,swakopmund,NA,2021-08-15 19:21:51,-22.6833,14.5333,55.98,90,57,1.01,broken clouds,0.0,0
246,pangody,RU,2021-08-15 19:21:51,65.85,74.4859,54.03,79,100,12.59,overcast clouds,0.0,0
247,auki,SB,2021-08-15 19:21:51,-8.7676,160.7034,76.82,89,92,4.92,overcast clouds,0.0,0
248,sungairaya,ID,2021-08-15 19:21:52,0.7,108.9,76.46,88,92,2.01,overcast clouds,0.0,0
249,zyryanka,RU,2021-08-15 19:21:52,65.75,150.85,48.92,63,100,4.45,overcast clouds,0.0,0
250,esperance,AU,2021-08-15 19:21:52,-33.8667,121.9,49.32,88,0,8.3,clear sky,0.0,0
251,dunda,TZ,2021-08-15 19:21:53,-8.1167,34.25,65.23,58,77,2.35,broken clouds,0.0,0
252,soyo,AO,2021-08-15 19:21:53,-6.1349,12.3689,73.06,90,42,11.34,scattered clouds,0.0,0
253,souillac,MU,2021-08-15 19:21:53,-20.5167,57.5167,68.38,73,40,12.66,light rain,0.0,0
254,payakumbuh,ID,2021-08-15 19:21:54,-0.2202,100.6308,69.57,98,78,2.21,light rain,0.0,0
255,sao pedro do sul,BR,2021-08-15 19:21:54,-29.6206,-54.1789,70.45,50,100,5.03,overcast clouds,0.0,0
256,morro bay,US,2021-08-15 19:21:54,35.3658,-120.8499,98.58,48,24,7.0,few clouds,0.0,0
257,waddan,LY,2021-08-15 19:21:55,29.1614,16.139,87.31,24,0,9.78,clear sky,0.0,0
258,chester,US,2021-08-15 19:21:55,40.1254,-75.8749,85.39,53,1,1.01,clear sky,0.0,0
259,nueva italia de ruiz,MX,2021-08-15 19:21:55,19.0167,-102.1,91.04,56,10,2.64,clear sky,0.0,0
260,namibe,AO,2021-08-15 19:21:56,-15.1961,12.1522,66.6,92,16,7.34,few clouds,0.0,0
261,strathpeffer,GB,2021-08-15 19:21:56,57.588,-4.5382,57.11,83,100,7.23,overcast clouds,0.0,0
262,hokitika,NZ,2021-08-15 19:21:56,-42.7167,170.9667,48.79,84,89,1.92,overcast clouds,0.0,0
263,jieznas,LT,2021-08-15 19:21:56,54.6,24.1667,60.66,84,6,4.52,clear sky,0.0,0
264,halifax,CA,2021-08-15 19:17:38,44.6453,-63.5724,83.48,49,6,5.01,clear sky,0.0,0
265,thiruvananthapuram,IN,2021-08-15 19:21:57,8.4833,76.9167,78.78,89,40,2.3,mist,0.0,0
266,dubrovnik,HR,2021-08-15 19:21:57,42.6481,18.0922,83.84,44,0,1.14,clear sky,0.0,0
267,buala,SB,2021-08-15 19:21:58,-8.145,159.5921,79.86,82,79,7.54,light rain,0.0,0
268,altay,CN,2021-08-15 19:21:58,47.8667,88.1167,59.38,65,70,5.53,broken clouds,0.0,0
269,eyl,SO,2021-08-15 19:21:58,7.9803,49.8164,77.92,77,3,23.09,clear sky,0.0,0
270,portland,US,2021-08-15 19:19:49,45.5234,-122.6762,92.44,49,20,1.99,few clouds,0.0,0
271,urumqi,CN,2021-08-15 19:21:59,43.801,87.6005,63.55,77,20,0.0,few clouds,0.0,0
272,hualmay,PE,2021-08-15 19:21:59,-11.0964,-77.6139,67.05,70,61,11.52,broken clouds,0.0,0
273,krasnoselkup,RU,2021-08-15 19:21:59,65.7,82.4667,53.74,86,8,12.8,clear sky,0.0,0
274,aksu,CN,2021-08-15 19:22:00,41.1231,80.2644,68.25,41,19,7.31,few clouds,0.0,0
275,agadir,MA,2021-08-15 19:22:00,30.4202,-9.5982,77.45,31,56,7.31,broken clouds,0.0,0
276,yambio,SS,2021-08-15 19:22:00,4.5721,28.3955,67.32,92,100,3.91,overcast clouds,0.0,0
277,iqaluit,CA,2021-08-15 19:22:01,63.7506,-68.5145,44.33,87,90,4.61,overcast clouds,0.0,0
278,vostok,RU,2021-08-15 19:22:01,46.4856,135.8833,54.41,94,67,3.18,broken clouds,0.0,0
279,aitape,PG,2021-08-15 19:22:02,-3.1374,142.3475,77.32,84,7,4.7,clear sky,0.0,0
280,pendleton,US,2021-08-15 19:21:45,45.6721,-118.7886,100.8,20,1,1.01,clear sky,0.0,0
281,andrews,US,2021-08-15 19:22:02,32.3187,-102.5457,81.0,61,90,8.05,overcast clouds,0.0,0
282,kingman,US,2021-08-15 19:22:02,35.1894,-114.053,94.03,38,1,11.5,clear sky,0.0,0
283,mareeba,AU,2021-08-15 19:22:03,-17.0,145.4333,65.12,92,20,2.68,few clouds,0.0,0
284,terrace,CA,2021-08-15 19:22:03,54.5163,-128.6035,64.42,88,75,10.36,light intensity shower rain,0.0,0
285,the valley,AI,2021-08-15 19:22:04,18.217,-63.0578,85.86,89,75,14.97,broken clouds,0.0,0
286,roald,NO,2021-08-15 19:22:04,62.5833,6.1333,59.16,82,75,1.14,broken clouds,0.0,0
287,salalah,OM,2021-08-15 19:22:04,17.0151,54.0924,77.09,94,90,4.61,overcast clouds,0.0,0
288,ulaangom,MN,2021-08-15 19:22:04,49.9811,92.0667,59.95,71,100,5.01,overcast clouds,0.0,0
289,ambulu,ID,2021-08-15 19:22:05,-8.345,113.6058,72.66,89,6,3.42,clear sky,0.0,0
290,tuktoyaktuk,CA,2021-08-15 19:22:05,69.4541,-133.0374,53.6,66,90,16.11,overcast clouds,0.0,0
291,apastovo,RU,2021-08-15 19:22:05,55.2029,48.5109,66.51,65,12,4.72,few clouds,0.0,0
292,rio grande,BR,2021-08-15 19:22:06,-32.035,-52.0986,59.11,74,11,5.32,few clouds,0.0,0
293,spornoye,RU,2021-08-15 19:22:06,50.8448,37.2913,75.22,48,97,4.27,overcast clouds,0.0,0
294,kensington,AU,2021-08-15 19:22:06,-33.9167,151.2167,51.75,63,0,8.05,clear sky,0.0,0
295,solvychegodsk,RU,2021-08-15 19:22:07,61.3305,46.9156,64.36,75,100,7.74,light rain,0.0,0
296,aykhal,RU,2021-08-15 19:22:07,66.0,111.5,50.63,87,100,4.0,overcast clouds,0.0,0
297,hambantota,LK,2021-08-15 19:22:07,6.1241,81.1185,78.85,81,100,19.04,overcast clouds,0.0,0
298,naze,JP,2021-08-15 19:22:08,28.3667,129.4833,78.03,86,100,11.32,overcast clouds,0.0,0
299,maniitsoq,GL,2021-08-15 19:22:08,65.4167,-52.9,45.27,97,100,2.51,overcast clouds,0.0,0
300,marshall,US,2021-08-15 19:22:08,34.3834,-86.3333,88.57,72,40,1.01,scattered clouds,0.0,0
301,parole,US,2021-08-15 19:22:09,38.9796,-76.5305,85.42,58,75,1.01,broken clouds,0.0,0
302,itarema,BR,2021-08-15 19:22:09,-2.9248,-39.9167,84.06,62,7,14.83,clear sky,0.0,0
303,yumen,CN,2021-08-15 19:22:09,40.2833,97.2,76.59,28,8,18.7,clear sky,0.0,0
304,sorong,ID,2021-08-15 19:22:10,-0.8833,131.25,76.82,85,100,2.55,overcast clouds,0.0,0
305,san quintin,MX,2021-08-15 19:22:10,30.4833,-115.95,76.28,70,0,12.44,clear sky,0.0,0
306,kotelnikovo,RU,2021-08-15 19:22:10,47.6317,43.1461,77.56,66,100,5.08,overcast clouds,0.0,0
307,talaya,RU,2021-08-15 19:22:11,61.3833,152.75,51.58,81,22,2.75,few clouds,0.0,0
308,cidreira,BR,2021-08-15 19:22:11,-30.1811,-50.2056,62.24,83,27,5.48,scattered clouds,0.0,0
309,camacha,PT,2021-08-15 19:22:11,33.0833,-16.3333,79.56,78,40,16.11,scattered clouds,0.0,0
310,saint anthony,US,2021-08-15 19:22:12,45.0205,-93.218,87.94,35,1,5.01,clear sky,0.0,0
311,elliot lake,CA,2021-08-15 19:22:12,46.3834,-82.6331,71.69,49,37,10.98,scattered clouds,0.0,0
312,svetlogorsk,BY,2021-08-15 19:22:12,52.6333,29.7333,68.2,80,43,4.85,scattered clouds,0.0,0
313,laguna,US,2021-08-15 19:22:13,38.421,-121.4238,96.87,42,1,5.75,haze,0.0,0
314,krasnovishersk,RU,2021-08-15 19:22:13,60.4078,57.082,57.94,86,100,4.36,overcast clouds,0.0,0
315,brae,GB,2021-08-15 19:22:13,60.3964,-1.353,50.97,74,100,15.97,overcast clouds,0.0,0
316,ixtapa,MX,2021-08-15 19:22:14,20.7,-105.2,88.23,66,1,8.05,clear sky,0.0,0
317,davila,PH,2021-08-15 19:22:14,18.4726,120.5763,81.07,79,34,10.54,scattered clouds,0.0,0
318,warri,NG,2021-08-15 19:18:45,5.5167,5.75,77.77,80,100,6.76,overcast clouds,0.0,0
319,russell,US,2021-08-15 19:22:14,32.3502,-85.1999,88.88,64,75,8.05,broken clouds,0.0,0
320,invercargill,NZ,2021-08-15 19:22:15,-46.4,168.35,53.02,63,96,14.0,overcast clouds,0.0,0
321,coihaique,CL,2021-08-15 19:22:15,-45.5752,-72.0662,45.21,70,90,3.44,overcast clouds,0.0,0
322,porto torres,IT,2021-08-15 19:22:15,40.835,8.3972,82.58,60,6,3.69,clear sky,0.0,0
323,riyadh,SA,2021-08-15 19:21:28,24.6877,46.7219,95.14,14,12,8.19,few clouds,0.0,0
324,ust-omchug,RU,2021-08-15 19:22:16,61.15,149.6333,56.86,89,100,5.88,overcast clouds,0.0,0
325,ontario,US,2021-08-15 19:22:16,34.0633,-117.6509,107.87,35,40,1.99,scattered clouds,0.0,0
326,nicoya,CR,2021-08-15 19:22:17,10.1483,-85.452,87.35,77,78,4.23,broken clouds,0.0,0
327,goderich,CA,2021-08-15 19:22:17,43.7501,-81.7165,75.2,60,0,8.05,clear sky,0.0,0
328,le mans,FR,2021-08-15 19:19:07,48.0,0.2,71.53,60,75,9.22,broken clouds,0.0,0
329,karratha,AU,2021-08-15 19:22:18,-20.7377,116.8463,72.75,55,69,13.51,broken clouds,0.0,0
330,sur,OM,2021-08-15 19:22:18,22.5667,59.5289,87.48,59,12,10.07,few clouds,0.0,0
331,urucara,BR,2021-08-15 19:22:18,-2.5364,-57.76,84.72,68,100,0.89,overcast clouds,0.0,0
332,rurrenabaque,BO,2021-08-15 19:22:18,-14.4413,-67.5278,93.16,28,25,4.61,scattered clouds,0.0,0
333,quatre cocos,MU,2021-08-15 19:22:19,-20.2078,57.7625,68.11,67,100,14.43,overcast clouds,0.0,0
334,dogondoutchi,NE,2021-08-15 19:22:19,13.6393,4.0287,85.06,60,67,10.02,broken clouds,0.0,0
335,rogers,US,2021-08-15 19:22:19,36.3668,-95.5836,91.96,54,40,0.0,scattered clouds,0.0,0
336,yasnyy,RU,2021-08-15 19:22:20,51.0333,59.8742,71.35,24,19,3.83,few clouds,0.0,0
337,piripiri,BR,2021-08-15 19:22:20,-4.2733,-41.7769,99.03,18,7,4.76,clear sky,0.0,0
338,chokurdakh,RU,2021-08-15 19:22:20,70.6333,147.9167,39.27,77,82,9.8,broken clouds,0.0,0
339,melo,UY,2021-08-15 19:22:21,-32.3667,-54.1833,64.8,56,26,2.59,scattered clouds,0.0,0
340,dunedin,NZ,2021-08-15 19:22:21,-45.8742,170.5036,51.8,44,55,7.0,broken clouds,0.0,0
341,hay river,CA,2021-08-15 19:22:21,60.8156,-115.7999,60.78,77,75,10.36,broken clouds,0.0,0
342,avera,US,2021-08-15 19:22:22,33.194,-82.5271,89.71,57,100,7.83,overcast clouds,0.0,0
343,quelimane,MZ,2021-08-15 19:22:22,-17.8786,36.8883,69.75,83,40,5.75,scattered clouds,0.0,0
344,fort nelson,CA,2021-08-15 19:17:50,58.8053,-122.7002,62.19,67,75,3.44,light rain,0.0,0
345,port blair,IN,2021-08-15 19:22:22,11.6667,92.75,79.11,89,100,14.85,moderate rain,0.0,0
346,dingle,PH,2021-08-15 19:22:23,10.9995,122.6711,75.92,88,100,4.97,light rain,0.0,0
347,olafsvik,IS,2021-08-15 19:22:23,64.8945,-23.7142,53.8,88,100,12.55,overcast clouds,0.0,0
348,high rock,BS,2021-08-15 19:22:23,26.6208,-78.2833,89.62,73,100,16.15,overcast clouds,0.0,0
349,sauteurs,GD,2021-08-15 19:22:24,12.2167,-61.6333,84.9,73,98,9.08,overcast clouds,0.0,0
350,prince rupert,CA,2021-08-15 19:20:50,54.3161,-130.3201,59.09,77,40,5.75,light rain,0.0,0
351,maragogi,BR,2021-08-15 19:20:26,-9.0122,-35.2225,76.59,72,70,11.9,broken clouds,0.0,0
352,pizarro,CO,2021-08-15 19:22:24,4.9533,-77.366,82.0,74,90,7.85,light rain,0.0,0
353,montes altos,BR,2021-08-15 19:22:25,-5.8333,-47.0667,95.49,14,5,3.83,clear sky,0.0,0
354,porto velho,BR,2021-08-15 19:22:25,-8.7619,-63.9039,95.05,29,40,3.44,scattered clouds,0.0,0
355,san jeronimo,PE,2021-08-15 19:22:25,-11.9472,-75.2829,62.02,45,93,10.83,overcast clouds,0.0,0
356,coquimbo,CL,2021-08-15 19:22:26,-29.9533,-71.3436,58.73,67,40,10.36,scattered clouds,0.0,0
357,lima,PE,2021-08-15 19:19:07,-12.0432,-77.0282,62.85,77,90,13.8,overcast clouds,0.0,0
358,shanghai,CN,2021-08-15 19:22:26,31.2222,121.4581,77.94,95,75,1.99,mist,0.0,0
359,cabo san lucas,MX,2021-08-15 19:22:26,22.8909,-109.9124,97.52,55,1,11.5,clear sky,0.0,0
360,catuday,PH,2021-08-15 19:22:27,16.2923,119.8062,78.31,82,97,4.7,overcast clouds,0.0,0
361,arlit,NE,2021-08-15 19:22:27,18.7369,7.3853,89.1,38,92,28.9,overcast clouds,0.0,0
362,tazovskiy,RU,2021-08-15 19:22:27,67.4667,78.7,48.36,89,93,18.32,overcast clouds,0.0,0
363,sinnamary,GF,2021-08-15 19:22:28,5.3833,-52.95,76.5,83,98,9.42,overcast clouds,0.0,0
364,miandrivazo,MG,2021-08-15 19:22:28,-19.5167,45.4667,71.78,70,0,3.31,clear sky,0.0,0
365,vanimo,PG,2021-08-15 19:22:28,-2.6741,141.3028,76.46,90,75,5.01,broken clouds,0.0,0
366,tateyama,JP,2021-08-15 19:22:28,34.9833,139.8667,68.02,91,100,14.07,overcast clouds,0.0,0
367,pisco,PE,2021-08-15 19:22:29,-13.7,-76.2167,66.02,77,0,10.36,clear sky,0.0,0
368,vestmanna,FO,2021-08-15 19:22:29,62.1564,-7.1664,47.32,81,75,9.22,broken clouds,0.0,0
369,bilma,NE,2021-08-15 19:22:29,18.6853,12.9164,97.5,24,52,7.52,broken clouds,0.0,0
370,kavieng,PG,2021-08-15 19:22:30,-2.5744,150.7967,81.36,78,97,10.69,light rain,0.0,0
371,homer,US,2021-08-15 19:22:30,59.6425,-151.5483,55.29,79,1,9.22,clear sky,0.0,0
372,seybaplaya,MX,2021-08-15 19:22:30,19.65,-90.6667,89.06,61,19,11.21,few clouds,0.0,0
373,anadyr,RU,2021-08-15 19:22:31,64.75,177.4833,45.1,87,0,4.47,clear sky,0.0,0
374,bac lieu,VN,2021-08-15 19:22:31,9.285,105.7244,77.5,87,96,4.56,overcast clouds,0.0,0
375,sao jose da coroa grande,BR,2021-08-15 19:22:31,-8.8978,-35.1478,77.05,70,71,12.3,broken clouds,0.0,0
376,guangyuan,CN,2021-08-15 19:22:32,32.442,105.823,72.0,91,100,1.86,overcast clouds,0.0,0
377,bay city,US,2021-08-15 19:18:28,43.5945,-83.8889,80.11,46,1,0.0,clear sky,0.0,0
378,bridlington,GB,2021-08-15 19:22:32,54.0831,-0.1919,64.89,86,99,5.79,overcast clouds,0.0,0
379,damietta,EG,2021-08-15 19:17:36,31.4165,31.8133,81.63,68,0,11.12,clear sky,0.0,0
380,jelling,DK,2021-08-15 19:22:32,55.7559,9.4258,57.22,90,75,4.0,light intensity shower rain,0.0,0
381,niquelandia,BR,2021-08-15 19:22:33,-14.4739,-48.4597,93.2,14,5,9.15,clear sky,0.0,0
382,ulaanbaatar,MN,2021-08-15 19:22:33,47.9077,106.8832,57.33,77,0,2.24,clear sky,0.0,0
383,polyarnyy,RU,2021-08-15 19:22:33,69.1989,33.4478,46.87,85,100,18.21,overcast clouds,0.0,0
384,katherine,AU,2021-08-15 19:22:34,-14.4667,132.2667,70.12,68,3,9.22,clear sky,0.0,0
385,kaya,BF,2021-08-15 19:22:34,13.0917,-1.0844,83.73,59,99,6.38,overcast clouds,0.0,0
386,makat,KZ,2021-08-15 19:22:34,47.6469,53.3463,80.13,16,0,5.97,clear sky,0.0,0
387,huangpi,CN,2021-08-15 19:22:35,30.8845,114.3779,75.31,100,90,4.47,overcast clouds,0.0,0
388,lola,GN,2021-08-15 19:22:35,7.8,-8.5333,68.29,93,65,2.44,broken clouds,0.0,0
389,raudeberg,NO,2021-08-15 19:22:35,61.9875,5.1352,55.87,94,100,1.01,overcast clouds,0.0,0
390,lata,PT,2021-08-15 19:22:36,40.1629,-8.3327,82.04,58,0,4.97,clear sky,0.0,0
391,ishigaki,JP,2021-08-15 19:22:36,24.3448,124.1572,83.34,80,5,14.9,clear sky,0.0,0
392,sept-iles,CA,2021-08-15 19:22:36,50.2001,-66.3821,73.83,60,75,5.99,broken clouds,0.0,0
393,swift current,CA,2021-08-15 19:20:03,50.2834,-107.8014,86.81,26,1,9.22,clear sky,0.0,0
394,conselheiro lafaiete,BR,2021-08-15 19:22:37,-20.6603,-43.7861,72.97,45,84,4.12,broken clouds,0.0,0
395,atar,MR,2021-08-15 19:22:37,20.5169,-13.0499,101.52,15,100,3.02,overcast clouds,0.0,0
396,coyotepec,MX,2021-08-15 19:22:37,19.775,-99.2072,76.66,50,15,5.37,few clouds,0.0,0
397,ostrovnoy,RU,2021-08-15 19:22:38,68.0531,39.5131,54.25,93,100,5.3,overcast clouds,0.0,0
398,killybegs,IE,2021-08-15 19:22:38,54.6333,-8.45,56.91,85,84,16.58,broken clouds,0.0,0
399,buraydah,SA,2021-08-15 19:18:06,26.326,43.975,99.05,15,0,11.97,clear sky,0.0,0
400,katobu,ID,2021-08-15 19:22:38,-4.9408,122.5276,73.35,94,15,2.84,few clouds,0.0,0
401,maralal,KE,2021-08-15 19:22:39,1.0968,36.698,60.19,72,95,5.68,overcast clouds,0.0,0
402,talnakh,RU,2021-08-15 19:22:39,69.4865,88.3972,55.54,91,100,16.28,moderate rain,0.0,0
403,port augusta,AU,2021-08-15 19:22:39,-32.5,137.7667,41.14,81,0,4.65,clear sky,0.0,0
404,meulaboh,ID,2021-08-15 19:22:40,4.1363,96.1285,75.61,88,100,7.61,overcast clouds,0.0,0
405,evensk,RU,2021-08-15 19:22:40,61.95,159.2333,50.41,79,68,4.32,broken clouds,0.0,0
406,adrar,MR,2021-08-15 19:22:40,20.5022,-10.0711,103.77,8,87,9.48,overcast clouds,0.0,0
407,kilimatinde,TZ,2021-08-15 19:22:41,-5.85,34.95,70.93,44,95,9.08,overcast clouds,0.0,0
408,levelland,US,2021-08-15 19:22:41,33.5873,-102.378,84.96,48,6,5.55,clear sky,0.0,0
409,pacific grove,US,2021-08-15 19:17:52,36.6177,-121.9166,83.62,83,20,5.99,few clouds,0.0,0
410,port hardy,CA,2021-08-15 19:22:41,50.6996,-127.4199,59.18,100,90,2.3,fog,0.0,0
411,roebourne,AU,2021-08-15 19:22:42,-20.7833,117.1333,73.0,53,37,12.3,scattered clouds,0.0,0
412,chumikan,RU,2021-08-15 19:22:42,54.7183,135.315,61.93,79,40,10.98,scattered clouds,0.0,0
413,kiyevskoye,RU,2021-08-15 19:22:42,45.0383,37.8883,71.91,88,85,9.78,overcast clouds,0.0,0
414,abu dhabi,AE,2021-08-15 19:20:50,24.4667,54.3667,95.11,75,0,3.44,clear sky,0.0,0
415,northport,US,2021-08-15 19:22:43,33.229,-87.5772,89.42,68,75,0.0,broken clouds,0.0,0
416,kirakira,SB,2021-08-15 19:22:43,-10.4544,161.9205,78.64,87,75,12.41,broken clouds,0.0,0
417,turukhansk,RU,2021-08-15 19:22:43,65.8167,87.9833,59.92,93,100,9.35,overcast clouds,0.0,0
418,sosnovo-ozerskoye,RU,2021-08-15 19:22:44,52.5249,111.5418,53.85,89,4,4.45,clear sky,0.0,0
419,henties bay,NA,2021-08-15 19:22:44,-22.116,14.2845,55.85,91,17,1.52,few clouds,0.0,0
420,kostomuksha,RU,2021-08-15 19:22:44,64.571,30.5767,52.29,92,100,3.96,overcast clouds,0.0,0
421,kovvur,IN,2021-08-15 19:22:45,17.0167,81.7333,76.37,94,100,10.27,heavy intensity rain,0.0,0
422,badiraguato,MX,2021-08-15 19:22:45,25.3667,-107.5167,93.7,38,12,4.94,few clouds,0.0,0
423,capelinha,BR,2021-08-15 19:22:45,-17.6914,-42.5158,78.04,35,7,8.66,clear sky,0.0,0
424,marsabit,KE,2021-08-15 19:22:46,2.3284,37.9899,71.85,40,58,19.1,broken clouds,0.0,0
425,mackay,AU,2021-08-15 19:19:13,-21.15,149.2,67.05,82,65,11.79,broken clouds,0.0,0
426,phalaborwa,ZA,2021-08-15 19:22:46,-23.943,31.1411,60.08,66,0,5.06,clear sky,0.0,0
427,daur,PK,2021-08-15 19:22:47,26.4583,68.3192,83.7,65,40,16.87,scattered clouds,0.0,0
428,zhenlai,CN,2021-08-15 19:22:47,45.8495,123.2973,64.94,80,43,5.7,scattered clouds,0.0,0
429,great yarmouth,GB,2021-08-15 19:22:47,52.6083,1.7305,70.05,67,100,13.78,overcast clouds,0.0,0
430,ropczyce,PL,2021-08-15 19:22:49,50.0523,21.6089,73.31,83,25,4.99,scattered clouds,0.0,0
431,mahebourg,MU,2021-08-15 19:22:49,-20.4081,57.7,68.29,73,40,12.66,scattered clouds,0.0,0
432,dalvik,IS,2021-08-15 19:22:49,65.9702,-18.5286,58.93,72,53,4.65,broken clouds,0.0,0
433,koslan,RU,2021-08-15 19:22:50,63.4564,48.8989,60.53,90,100,11.1,overcast clouds,0.0,0
434,dzilam gonzalez,MX,2021-08-15 19:22:50,21.2833,-88.9333,89.69,53,99,8.08,overcast clouds,0.0,0
435,vila franca do campo,PT,2021-08-15 19:22:50,37.7167,-25.4333,75.61,81,11,8.28,few clouds,0.0,0
436,raga,SS,2021-08-15 19:22:51,8.4596,25.678,69.69,94,100,2.68,overcast clouds,0.0,0
437,quang ngai,VN,2021-08-15 19:22:51,15.1167,108.8,76.64,90,14,4.34,few clouds,0.0,0
438,kameno,BG,2021-08-15 19:22:51,42.5667,27.3,73.69,64,0,5.75,clear sky,0.0,0
439,la joya,MX,2021-08-15 19:22:51,18.6667,-99.4667,86.4,57,14,4.41,few clouds,0.0,0
440,deyang,CN,2021-08-15 19:22:52,31.1302,104.382,72.9,92,100,4.34,light rain,0.0,0
441,pochutla,MX,2021-08-15 19:22:52,15.7432,-96.4661,91.81,54,100,8.12,overcast clouds,0.0,0
442,qaqortoq,GL,2021-08-15 19:22:52,60.7167,-46.0333,61.3,92,100,7.07,overcast clouds,0.0,0
443,marechal deodoro,BR,2021-08-15 19:22:53,-9.7103,-35.895,78.21,70,72,10.27,broken clouds,0.0,0
444,paamiut,GL,2021-08-15 19:22:53,61.994,-49.6678,45.93,99,100,1.79,light rain,0.0,0
445,general roca,AR,2021-08-15 19:22:53,-39.0333,-67.5833,59.4,15,100,8.52,overcast clouds,0.0,0
446,tabou,CI,2021-08-15 19:22:54,4.423,-7.3528,76.98,71,24,8.5,few clouds,0.0,0
447,salina cruz,MX,2021-08-15 19:22:54,16.1667,-95.2,92.17,48,99,17.27,overcast clouds,0.0,0
448,vestmannaeyjar,IS,2021-08-15 19:22:54,63.4427,-20.2734,54.59,87,90,13.8,fog,0.0,0
449,sioux lookout,CA,2021-08-15 19:22:55,50.1001,-91.917,86.38,45,90,17.27,overcast clouds,0.0,0
450,umm lajj,SA,2021-08-15 19:22:55,25.0213,37.2685,90.07,50,1,9.01,clear sky,0.0,0
451,shenkursk,RU,2021-08-15 19:22:55,62.1091,42.896,58.91,98,100,8.1,overcast clouds,0.0,0
452,carsamba,TR,2021-08-15 19:22:56,41.1989,36.7219,69.55,88,75,3.44,broken clouds,0.0,0
453,pozo colorado,PY,2021-08-15 19:22:56,-23.4923,-58.7972,84.22,24,22,1.88,few clouds,0.0,0
454,tamandare,BR,2021-08-15 19:22:56,-8.7597,-35.1047,77.32,69,75,11.68,broken clouds,0.0,0
455,kharagauli,GE,2021-08-15 19:22:57,42.0214,43.1977,68.36,99,100,1.36,overcast clouds,0.0,0
456,kokkola,FI,2021-08-15 19:22:57,63.8385,23.1307,59.94,89,97,4.61,overcast clouds,0.0,0
457,troitskoye,RU,2021-08-15 19:22:57,52.9821,84.6757,55.83,90,87,1.07,overcast clouds,0.0,0
458,namatanai,PG,2021-08-15 19:22:58,-3.6667,152.4333,78.67,84,83,5.19,light rain,0.0,0
459,kichera,RU,2021-08-15 19:22:58,55.9375,110.0997,64.51,62,59,1.77,broken clouds,0.0,0
460,iwanai,JP,2021-08-15 19:22:58,42.9744,140.5089,60.4,89,100,5.1,overcast clouds,0.0,0
461,outram,MY,2021-08-15 19:22:59,1.2829,103.8379,76.93,94,40,2.3,scattered clouds,0.0,0
462,shelburne,CA,2021-08-15 19:22:59,44.0787,-80.2041,76.75,39,4,5.17,clear sky,0.0,0
463,jiayuguan,CN,2021-08-15 19:22:59,39.8167,98.3,75.88,31,25,5.26,scattered clouds,0.0,0
464,sitka,US,2021-08-15 19:23:00,57.0531,-135.33,53.49,82,75,3.44,moderate rain,0.0,0
465,pandan,PH,2021-08-15 19:23:00,14.0453,124.1694,78.06,84,96,1.59,overcast clouds,0.0,0
466,north bend,US,2021-08-15 19:23:00,43.4065,-124.2243,64.31,82,90,11.5,overcast clouds,0.0,0
467,were ilu,ET,2021-08-15 19:23:00,10.6,39.4333,53.87,83,98,4.32,light rain,0.0,0
468,liling,CN,2021-08-15 19:20:01,27.6667,113.5,76.89,99,72,2.04,broken clouds,0.0,0
469,praia,CV,2021-08-15 19:23:01,14.9215,-23.5087,82.94,69,75,17.27,broken clouds,0.0,0
470,bonavista,CA,2021-08-15 19:23:01,48.6499,-53.1147,78.8,85,82,12.75,broken clouds,0.0,0
471,port lincoln,AU,2021-08-15 19:23:02,-34.7333,135.8667,55.78,66,100,10.38,overcast clouds,0.0,0
472,aripuana,BR,2021-08-15 19:23:02,-9.1667,-60.6333,99.86,20,9,1.9,clear sky,0.0,0
473,fukue,JP,2021-08-15 19:23:02,32.6881,128.8419,72.43,96,100,11.68,moderate rain,0.0,0
474,hun,LY,2021-08-15 19:23:03,29.1268,15.9477,87.6,22,0,9.17,clear sky,0.0,0
475,agua prieta,MX,2021-08-15 19:23:03,31.3,-109.5667,83.3,60,98,9.6,overcast clouds,0.0,0
476,meybod,IR,2021-08-15 19:23:03,32.2501,54.0166,93.22,11,1,5.99,clear sky,0.0,0
477,los llanos de aridane,ES,2021-08-15 19:23:04,28.6585,-17.9182,74.95,73,0,14.97,clear sky,0.0,0
478,leningradskiy,RU,2021-08-15 19:23:04,69.3833,178.4167,32.56,94,100,12.5,overcast clouds,0.0,0
479,mayor pablo lagerenza,PY,2021-08-15 19:23:04,-19.9309,-60.7718,89.13,18,0,5.01,clear sky,0.0,0
480,bud,US,2021-08-15 19:23:05,39.447,-86.1758,80.55,68,100,9.86,overcast clouds,0.0,0
481,dubbo,AU,2021-08-15 19:23:05,-32.25,148.6167,33.93,100,0,0.0,clear sky,0.0,0
482,acarau,BR,2021-08-15 19:23:05,-2.8856,-40.12,83.86,63,9,15.08,clear sky,0.0,0
483,sarnia,CA,2021-08-15 19:21:51,42.9787,-82.4041,79.72,53,1,1.01,clear sky,0.0,0
484,rognac,FR,2021-08-15 19:23:06,43.4876,5.2339,84.22,52,0,5.75,clear sky,0.0,0
485,qianan,CN,2021-08-15 19:23:06,44.9932,124.0581,65.52,84,93,2.84,overcast clouds,0.0,0
486,sinjar,IQ,2021-08-15 19:23:06,36.3209,41.8754,91.11,19,0,13.09,clear sky,0.0,0
487,samarai,PG,2021-08-15 19:23:07,-10.6167,150.6667,77.97,85,53,17.07,broken clouds,0.0,0
488,la paz,BO,2021-08-15 19:18:17,-16.5,-68.15,64.38,13,40,8.05,scattered clouds,0.0,0
489,gunjur,GM,2021-08-15 19:23:07,13.2019,-16.7339,80.67,83,75,3.44,broken clouds,0.0,0
490,namie,JP,2021-08-15 19:23:07,37.4833,141.0,67.71,98,100,7.09,overcast clouds,0.0,0
491,dali,CN,2021-08-15 19:23:08,25.7,100.1833,63.81,95,98,1.77,overcast clouds,0.0,0
492,magan,ES,2021-08-15 19:23:08,39.9683,-3.931,101.62,6,17,14.92,few clouds,0.0,0
493,tamsweg,AT,2021-08-15 19:23:08,47.1281,13.811,67.01,87,84,3.71,broken clouds,0.0,0
494,san vicente,AR,2021-08-15 19:23:08,-26.6167,-54.1333,74.8,45,72,2.35,broken clouds,0.0,0
495,kamaishi,JP,2021-08-15 19:23:09,39.2667,141.8833,64.76,88,96,6.46,overcast clouds,0.0,0
496,ilulissat,GL,2021-08-15 19:23:09,69.2167,-51.1,46.42,87,40,10.36,scattered clouds,0.0,0
497,sambava,MG,2021-08-15 19:23:09,-14.2667,50.1667,68.61,78,1,16.37,clear sky,0.0,0
498,acajutla,SV,2021-08-15 19:23:10,13.5928,-89.8275,93.54,78,100,5.35,overcast clouds,0.0,0
499,petatlan,MX,2021-08-15 19:23:10,17.5167,-101.2667,91.2,56,72,6.46,broken clouds,0.0,0
500,palmer,US,2021-08-15 19:23:10,42.1584,-72.3287,83.68,40,40,1.01,scattered clouds,0.0,0
501,port-gentil,GA,2021-08-15 19:23:11,-0.7193,8.7815,78.76,83,40,9.22,scattered clouds,0.0,0
502,kasongo-lunda,CD,2021-08-15 19:23:11,-6.4667,16.8167,84.18,36,44,0.65,scattered clouds,0.0,0
503,college,US,2021-08-15 19:23:11,64.8569,-147.8028,50.58,93,90,3.0,light rain,0.0,0
504,denton,US,2021-08-15 19:23:04,33.2001,-97.1336,91.26,63,20,1.01,few clouds,0.0,0
505,xinye,CN,2021-08-15 19:23:12,32.5186,112.3522,71.55,96,95,4.21,light rain,0.0,0
506,nisia floresta,BR,2021-08-15 19:23:12,-6.0911,-35.2086,82.78,65,35,17.69,scattered clouds,0.0,0
507,stornoway,GB,2021-08-15 19:23:12,58.2093,-6.3865,55.92,88,75,13.8,broken clouds,0.0,0
508,mugan,CN,2021-08-15 19:23:13,35.9404,101.3842,60.42,71,63,1.99,broken clouds,0.0,0
509,moron,AR,2021-08-15 19:20:06,-34.6534,-58.6198,62.02,75,1,5.01,clear sky,0.0,0
510,mingoyo,TZ,2021-08-15 19:23:13,-10.1,39.6333,70.23,82,2,4.14,clear sky,0.0,0
511,ondangwa,NA,2021-08-15 19:23:13,-17.9167,15.95,69.8,28,0,2.3,clear sky,0.0,0
512,lasa,IT,2021-08-15 19:23:14,46.6166,10.7002,77.88,79,10,2.19,clear sky,0.0,0
513,hovd,MN,2021-08-15 19:23:14,48.0056,91.6419,64.31,61,100,6.29,overcast clouds,0.0,0
514,kambove,CD,2021-08-15 19:23:14,-10.8764,26.5969,64.98,37,0,5.35,clear sky,0.0,0
515,muli,MV,2021-08-15 19:23:15,2.9167,73.5667,82.62,70,83,16.33,broken clouds,0.0,0
516,dongzhen,CN,2021-08-15 19:23:15,22.3797,110.9389,77.27,91,100,1.21,overcast clouds,0.0,0
517,presidencia roque saenz pena,AR,2021-08-15 19:23:15,-26.7852,-60.4388,77.94,29,6,4.92,clear sky,0.0,0
518,okha,RU,2021-08-15 19:23:16,53.5739,142.9478,53.24,88,0,8.66,clear sky,0.0,0
519,harper,LR,2021-08-15 19:23:16,4.375,-7.7169,76.89,70,36,7.56,scattered clouds,0.0,0
520,selfoss,IS,2021-08-15 19:23:16,63.9331,-20.9971,54.48,79,100,8.19,overcast clouds,0.0,0
521,kaeo,NZ,2021-08-15 19:23:16,-35.1,173.7833,46.33,83,24,1.43,few clouds,0.0,0
522,rodrigues alves,BR,2021-08-15 19:23:17,-7.738,-72.6509,93.4,27,18,2.35,few clouds,0.0,0
523,mehamn,NO,2021-08-15 19:23:17,71.0357,27.8492,46.58,80,100,11.86,overcast clouds,0.0,0
524,alcains,PT,2021-08-15 19:23:17,39.9164,-7.4566,94.35,22,0,8.75,clear sky,0.0,0
525,axim,GH,2021-08-15 19:23:18,4.8699,-2.2405,76.55,79,52,8.88,broken clouds,0.0,0
526,vigrestad,NO,2021-08-15 19:23:18,58.5667,5.7,55.08,79,99,9.17,overcast clouds,0.0,0
527,akyab,MM,2021-08-15 19:23:18,20.15,92.9,80.47,88,100,10.09,overcast clouds,0.0,0
528,mount isa,AU,2021-08-15 19:23:19,-20.7333,139.5,65.97,32,0,14.97,clear sky,0.0,0
529,stara vyzhivka,UA,2021-08-15 19:23:19,51.4376,24.44,67.86,82,100,6.04,overcast clouds,0.0,0
530,vilhena,BR,2021-08-15 19:19:22,-12.7406,-60.1458,88.02,29,0,4.61,clear sky,0.0,0
531,varhaug,NO,2021-08-15 19:23:19,58.6147,5.6457,54.95,80,97,7.83,overcast clouds,0.0,0
532,chara,RU,2021-08-15 19:23:20,56.9064,118.2631,58.5,72,13,3.0,few clouds,0.0,0
533,tobe,JP,2021-08-15 19:23:20,33.7447,132.7901,72.48,88,100,2.33,moderate rain,0.0,0
534,tupik,RU,2021-08-15 19:23:20,54.4253,119.9327,54.16,81,0,3.65,clear sky,0.0,0
535,kudahuvadhoo,MV,2021-08-15 19:23:21,2.6708,72.8944,82.27,74,30,15.39,scattered clouds,0.0,0
536,mirpur sakro,PK,2021-08-15 19:23:21,24.5474,67.6277,82.62,72,100,17.98,overcast clouds,0.0,0
537,daru,PG,2021-08-15 19:23:21,-9.0763,143.2092,76.37,89,96,16.84,overcast clouds,0.0,0
538,westport,US,2021-08-15 19:23:22,41.1415,-73.3579,85.08,54,1,1.01,clear sky,0.0,0
539,korla,CN,2021-08-15 19:23:22,41.7597,86.1469,74.14,39,100,2.51,overcast clouds,0.0,0
540,saint-augustin,CA,2021-08-15 19:23:22,51.226,-58.6502,69.37,85,100,7.56,overcast clouds,0.0,0
541,hurghada,EG,2021-08-15 19:23:22,27.2574,33.8129,93.04,29,0,21.85,clear sky,0.0,0
542,agirish,RU,2021-08-15 19:23:23,61.9247,63.0231,58.5,73,6,4.61,clear sky,0.0,0
543,clyde river,CA,2021-08-15 19:23:23,70.4692,-68.5914,48.43,87,75,5.75,broken clouds,0.0,0
544,butembo,CD,2021-08-15 19:23:23,0.15,29.2833,57.04,94,88,2.77,overcast clouds,0.0,0
545,la massana,AD,2021-08-15 19:23:24,42.5667,1.4833,76.01,67,12,3.22,few clouds,0.0,0
546,aksha,RU,2021-08-15 19:23:24,50.2814,113.2867,56.53,93,5,2.64,clear sky,0.0,0
547,necochea,AR,2021-08-15 19:23:24,-38.5473,-58.7368,66.04,44,100,8.32,overcast clouds,0.0,0
548,cunha,BR,2021-08-15 19:23:25,-23.0744,-44.9597,76.42,56,45,2.04,scattered clouds,0.0,0
549,clarksburg,US,2021-08-15 19:21:10,39.2807,-80.3445,77.11,88,90,4.61,light rain,0.0,0
550,bubaque,GW,2021-08-15 19:23:25,11.2833,-15.8333,78.1,82,100,9.19,moderate rain,0.0,0
551,biak,ID,2021-08-15 19:23:25,-0.9131,122.8766,74.79,84,21,7.27,few clouds,0.0,0
552,pangai,TO,2021-08-15 19:23:26,-19.8,-174.35,71.71,53,75,10.36,broken clouds,0.0,0
553,coruripe,BR,2021-08-15 19:23:26,-10.1256,-36.1756,76.17,73,91,11.34,overcast clouds,0.0,0
554,boueni,YT,2021-08-15 19:23:26,-12.9025,45.0761,75.18,68,0,6.17,clear sky,0.0,0
555,san carlos de bariloche,AR,2021-08-15 19:23:27,-41.1456,-71.3082,42.55,75,75,20.71,broken clouds,0.0,0
556,kailua,US,2021-08-15 19:19:30,21.4022,-157.7394,84.18,70,47,14.2,light rain,0.0,0
557,goundam,ML,2021-08-15 19:23:27,16.4145,-3.6708,96.82,30,92,14.99,overcast clouds,0.0,0
558,taoudenni,ML,2021-08-15 19:21:08,22.6783,-3.9836,108.54,8,95,7.45,overcast clouds,0.0,0
559,gilbues,BR,2021-08-15 19:23:28,-9.8317,-45.3439,93.72,15,1,8.25,clear sky,0.0,0
560,kota kinabalu,MY,2021-08-15 19:23:28,5.9749,116.0724,75.18,94,20,5.75,few clouds,0.0,0
561,tezu,IN,2021-08-15 19:19:11,27.9167,96.1667,77.54,89,100,2.15,light rain,0.0,0
562,cubuk,TR,2021-08-15 19:23:28,40.2386,33.0322,69.55,42,0,9.22,clear sky,0.0,0
563,kalmunai,LK,2021-08-15 19:23:29,7.4167,81.8167,80.91,72,100,3.22,overcast clouds,0.0,0
564,byron bay,AU,2021-08-15 19:23:29,-28.65,153.6167,59.88,73,47,4.45,scattered clouds,0.0,0
565,uch,FR,2021-08-15 19:23:29,45.3192,-0.9345,72.5,85,19,9.55,few clouds,0.0,0
566,stawell,AU,2021-08-15 19:23:30,-37.05,142.7667,43.59,89,49,6.53,scattered clouds,0.0,0
